{"stats":{"minecraft:custom":{"minecraft:mob_kills":23,"minecraft:interact_with_crafting_table":4,"minecraft:bell_ring":4,"minecraft:time_since_death":3317,"minecraft:climb_one_cm":10216,"minecraft:time_since_rest":3107,"minecraft:sprint_one_cm":127704,"minecraft:damage_taken":6623,"minecraft:walk_one_cm":119055,"minecraft:damage_blocked_by_shield":411,"tombstone:sneak_grave":2,"minecraft:drop":20,"minecraft:damage_dealt":2988,"minecraft:swim_one_cm":2011,"minecraft:talked_to_villager":1,"minecraft:fly_one_cm":231639,"minecraft:open_chest":42,"tombstone:undead_killed":2,"minecraft:crouch_one_cm":7913,"minecraft:play_time":75401,"minecraft:deaths":21,"minecraft:sneak_time":4125,"minecraft:walk_under_water_one_cm":2321,"minecraft:jump":1602,"minecraft:walk_on_water_one_cm":1943,"minecraft:total_world_time":75401,"minecraft:fall_one_cm":48432},"minecraft:picked_up":{"minecraft:iron_chestplate":1,"minecraft:feather":1,"medieval_craft_weapons:brigandine_chestplate":1,"minecraft:chicken":2,"minecraft:jungle_log":1,"minecraft:andesite":1,"minecraft:diamond_sword":1,"minecraft:wooden_pickaxe":1,"medieval_craft_weapons:plate_boots":1,"minecraft:oak_log":10,"minecraft:shield":1,"medieval_craft_weapons:long_sword":1,"medieval_craft_weapons:pole_axe":1,"minecraft:dirt":5,"minecraft:string":4,"minecraft:armor_stand":4,"minecraft:stone_bricks":15,"medieval_craft_weapons:greathelmet_helmet":2,"minecraft:bow":1,"minecraft:wheat_seeds":15,"ageofweapons:caveman_spear":13,"minecraft:rose_bush":1,"minecraft:mossy_stone_bricks":2,"minecraft:spruce_slab":1,"biomesoplenty:wildflower":5,"minecraft:melon_slice":12,"minecraft:oak_planks":4,"minecraft:iron_boots":1,"medieval_craft_weapons:sword_1":1,"minecraft:stick":1,"medieval_craft_weapons:plate_leggings":1,"minecraft:torch":2,"minecraft:spruce_stairs":1,"minecraft:redstone":3,"medieval_craft_weapons:plate_helmet":1,"tombstone:grave_dust":1,"minecraft:diorite":1,"minecraft:spider_eye":2,"alexsmobs:animal_dictionary":2,"minecraft:rotten_flesh":53,"minecraft:granite":1,"minecraft:saddle":1,"alexsmobs:maggot":2,"minecraft:oak_sapling":1,"minecraft:mutton":1,"minecraft:coal":31,"minecraft:white_wool":1,"minecraft:cobblestone":51},"minecraft:crafted":{"minecraft:oak_planks":36,"minecraft:crafting_table":1,"ageofweapons:caveman_spear":1,"minecraft:stick":20,"minecraft:stone_pickaxe":3,"minecraft:stone_sword":2,"minecraft:oak_button":1,"minecraft:torch":48},"minecraft:mined":{"minecraft:crafting_table":1,"minecraft:granite":1,"minecraft:grass_block":3,"minecraft:melon":2,"minecraft:rose_bush":2,"minecraft:redstone_wire":3,"minecraft:cobblestone":2,"minecraft:oak_planks":3,"minecraft:diorite":1,"minecraft:wall_torch":2,"minecraft:spruce_stairs":1,"minecraft:seagrass":1,"minecraft:repeater":1,"minecraft:cobbled_deepslate":1,"minecraft:andesite":1,"minecraft:grass":72,"minecraft:oak_log":11,"minecraft:coal_ore":31,"minecraft:dirt":8,"minecraft:stone_bricks":14,"minecraft:stone":47,"minecraft:mossy_stone_bricks":3,"minecraft:spruce_slab":3,"minecraft:oak_leaves":2,"minecraft:fern":12},"minecraft:killed_by":{"minecraft:player":4,"minecraft:skeleton":2,"minecraft:spider":1,"alexsmobs:capuchin_monkey":2,"medieval_craft_weapons:knight":8,"medieval_craft_weapons:soldier":2,"medieval_craft_weapons:archer":2},"minecraft:used":{"minecraft:stone_sword":60,"minecraft:stone_pickaxe":108,"minecraft:oak_planks":25,"minecraft:shield":5,"minecraft:wooden_pickaxe":14,"minecraft:torch":27,"minecraft:dirt":2,"minecraft:crafting_table":1,"minecraft:granite":1,"minecraft:oak_log":1,"minecraft:melon_slice":12,"minecraft:jungle_log":1,"ageofweapons:caveman_spear":17,"tombstone:grave_key":2,"minecraft:stone_bricks":15,"minecraft:diamond_sword":79,"minecraft:cobblestone":29,"minecraft:oak_sapling":1,"tombstone:gift":3,"alexsmobs:animal_dictionary":1,"minecraft:cooked_beef":9},"minecraft:killed":{"minecraft:spider":1,"medieval_craft_weapons:archer":3,"medieval_craft_weapons:knight":4,"minecraft:sheep":1,"medieval_craft_weapons:soldier":7,"minecraft:zombie":2,"minecraft:chicken":2,"alexsmobs:gazelle":1,"alexsmobs:fly":1},"minecraft:dropped":{"medieval_craft_weapons:plate_boots":1,"medieval_craft_weapons:long_sword":1,"medieval_craft_weapons:plate_leggings":1,"medieval_craft_weapons:plate_helmet":1,"minecraft:rotten_flesh":53,"minecraft:spruce_stairs":1,"minecraft:diorite":1,"minecraft:mossy_stone_bricks":2,"minecraft:andesite":1,"medieval_craft_weapons:plate_chestplate":1,"minecraft:spruce_slab":1,"medieval_craft_weapons:greathelmet_helmet":1,"minecraft:spider_eye":2,"minecraft:bow":1,"medieval_craft_weapons:brigandine_chestplate":1,"medieval_craft_weapons:pole_axe":1,"minecraft:armor_stand":5,"medieval_craft_weapons:musket":1}},"DataVersion":3465}