{"stats":{"minecraft:crafted":{"minecraft:oak_planks":160,"minecraft:oak_sign":6,"unusualprehistory:flask":3,"minecraft:stone":27,"minecraft:diamond_shovel":1,"unusualprehistory:cultivator":1,"connectedglass:borderless_glass":4,"minecraft:shulker_box":1,"minecraft:glass":52,"ageofweapons:caveman_spear":3,"minecraft:bow":2,"minecraft:diamond_leggings":1,"minecraft:chest":4,"minecraft:oak_button":1,"minecraft:stone_bricks":20,"minecraft:diamond_axe":1,"minecraft:crafting_table":4,"minecraft:spruce_planks":16,"unusualprehistory:analyzer":1,"minecraft:copper_ingot":6,"minecraft:birch_planks":8,"tombstone:white_marble":4,"minecraft:wooden_hoe":1,"minecraft:diamond_pickaxe":2,"minecraft:stick":60,"minecraft:iron_ingot":14,"minecraft:iron_pickaxe":1,"mobdropsrecipes_nether:nether_essence_rare":1,"minecraft:stone_sword":2,"unusualprehistory:encyclopedia":1,"minecraft:oak_door":3,"minecraft:furnace":1,"minecraft:bone_meal":12,"minecraft:glass_pane":80,"minecraft:flint_and_steel":1,"minecraft:diamond":45,"unusualprehistory:organic_ooze":3,"minecraft:stone_pickaxe":3,"minecraft:redstone_block":2,"minecraft:cooked_beef":2,"minecraft:acacia_stairs":20,"minecraft:bucket":1,"connectedglass:borderless_glass_pane":80,"minecraft:air":0,"tombstone:decorative_grave_cross":1,"minecraft:white_dye":5,"minecraft:oak_stairs":36,"minecraft:acacia_planks":72,"minecraft:torch":152,"minecraft:diamond_chestplate":1},"minecraft:killed_by":{"minecraft:wither_skeleton":8,"minecraft:creeper":1,"medieval_craft_weapons:heavyknight":1,"alexsmobs:capuchin_monkey":2,"alexsmobs:straddler":1,"medieval_craft_weapons:archer":5,"minecraft:zombie":2,"medieval_craft_weapons:knight":13,"medieval_craft_weapons:soldier":6,"minecraft:player":26,"minecraft:spider":1,"minecraft:enderman":4,"minecraft:shulker":2,"alexsmobs:mimicube":2,"minecraft:skeleton":6,"alexsmobs:crimson_mosquito":1},"minecraft:killed":{"minecraft:cave_spider":4,"alexscaves:gloomoth":2,"minecraft:spider":13,"alexsmobs:enderiophage":2,"medieval_craft_weapons:knight":15,"minecraft:shulker":12,"minecraft:skeleton":20,"medieval_craft_weapons:soldier":20,"minecraft:chicken":4,"alexsmobs:straddler":4,"minecraft:skeleton_horse":2,"minecraft:piglin":1,"minecraft:pig":7,"alexsmobs:stradpole":3,"minecraft:creeper":4,"minecraft:sheep":1,"alexsmobs:endergrade":2,"minecraft:zombie":32,"alexsmobs:fly":4,"minecraft:blaze":7,"minecraft:cow":3,"medieval_craft_weapons:heavyknight":2,"alexsmobs:dropbear":1,"alexsmobs:mimicube":6,"alexsmobs:raccoon":5,"medieval_craft_weapons:archer":7,"alexscaves:vesper":1,"alexsmobs:skunk":2,"alexsmobs:emu":1,"alexsmobs:gazelle":1,"minecraft:wither_skeleton":28,"minecraft:enderman":2},"minecraft:used":{"sophisticatedbackpacks:copper_backpack":4,"minecraft:elytra":2,"minecraft:oak_sign":1,"minecraft:chest":3,"minecraft:shield":56,"minecraft:nether_bricks":20,"minecraft:glass":2,"unusualprehistory:analyzer":1,"minecraft:stone_bricks":37,"connectedglass:borderless_glass_pane":42,"minecraft:bow":13,"medieval_craft_weapons:mace":10,"minecraft:furnace":1,"minecraft:oak_sapling":5,"minecraft:stone_pickaxe":120,"minecraft:chorus_fruit":1,"minecraft:oak_planks":29,"minecraft:ender_pearl":3,"minecraft:wooden_pickaxe":14,"tombstone:decorative_grave_cross":1,"biomesoplenty:flowering_oak_sapling":2,"minecraft:diamond_axe":156,"minecraft:end_stone":184,"waystones:waystone":1,"minecraft:bread":71,"minecraft:melon_slice":12,"tombstone:grave_key":7,"minecraft:gravel":25,"minecraft:diamond_sword":772,"unusualprehistory:encyclopedia":5,"minecraft:andesite":5,"minecraft:bone_meal":3,"minecraft:iron_bars":2,"minecraft:stone_sword":60,"minecraft:flint_and_steel":29,"minecraft:spruce_planks":13,"medieval_craft_weapons:sword_1":7,"minecraft:cooked_chicken":47,"minecraft:netherrack":40,"minecraft:oak_door":5,"minecraft:torch":188,"minecraft:dirt":9,"unusualprehistory:cultivator":1,"minecraft:shulker_box":1,"minecraft:granite":1,"minecraft:dark_oak_planks":3,"alexsmobs:maggot":1,"minecraft:oak_stairs":38,"minecraft:jungle_log":1,"ageofweapons:caveman_spear":17,"connectedglass:borderless_glass":4,"biomesoplenty:jacaranda_stairs":1,"minecraft:beef":2,"tombstone:gift":6,"medieval_craft_weapons:spear_1":4,"minecraft:cooked_beef":77,"minecraft:acacia_planks":12,"minecraft:wheat_seeds":1,"tombstone:scroll_of_knowledge":1,"minecraft:water_bucket":8,"minecraft:baked_potato":53,"minecraft:white_dye":1,"minecraft:diamond_block":2,"minecraft:crafting_table":6,"biomesoplenty:wildflower":1,"minecraft:cake":1,"ageofweapons:sword_of_kings":273,"tombstone:bag_of_seeds":2,"minecraft:oak_log":46,"minecraft:wooden_hoe":3,"minecraft:acacia_stairs":37,"minecraft:diamond_pickaxe":843,"minecraft:diamond_shovel":181,"minecraft:sunflower":2,"minecraft:iron_pickaxe":124,"tombstone:magic_scroll":2,"minecraft:cobblestone":122,"minecraft:cooked_porkchop":6,"minecraft:bucket":8,"alexsmobs:animal_dictionary":1,"alexsmobs:emu_egg":2},"minecraft:broken":{"medieval_craft_weapons:plate_chestplate":1,"medieval_craft_weapons:plate_boots":2,"minecraft:golden_chestplate":1,"medieval_craft_weapons:plate_helmet":2,"minecraft:shield":2,"medieval_craft_weapons:plate_leggings":1},"minecraft:picked_up":{"minecraft:shulker_shell":5,"minecraft:iron_chestplate":1,"minecraft:wheat":1,"ageofweapons:sword_of_kings":4,"unusualprehistory:amber_shard":2,"minecraft:diamond_sword":3,"minecraft:oak_stairs":3,"minecraft:enchanted_book":5,"medieval_craft_weapons:pole_axe":1,"minecraft:string":27,"minecraft:raw_copper":47,"minecraft:armor_stand":8,"minecraft:oak_sign":1,"alexsmobs:emu_feather":2,"minecraft:tnt_minecart":1,"minecraft:cobbled_deepslate":62,"minecraft:spruce_planks":8,"ageofweapons:caveman_spear":13,"minecraft:rose_bush":1,"unusualprehistory:plant_fossil_item":12,"minecraft:iron_pickaxe":1,"minecraft:melon_slice":12,"minecraft:iron_boots":1,"minecraft:stick":25,"minecraft:oak_fence":1,"minecraft:torch":20,"minecraft:acacia_log":18,"minecraft:purpur_pillar":4,"minecraft:spruce_stairs":1,"minecraft:porkchop":3,"unusualprehistory:palaeo_embryo":2,"tombstone:grave_dust":13,"minecraft:diorite":2,"minecraft:stone_sword":1,"minecraft:rotten_flesh":81,"alexsmobs:capsid":2,"alexsmobs:emu_egg":2,"minecraft:end_rod":3,"minecraft:blaze_rod":3,"minecraft:obsidian":12,"minecraft:iron_bars":2,"minecraft:blaze_powder":2,"minecraft:cobblestone":441,"minecraft:birch_log":2,"minecraft:magma_block":1,"minecraft:feather":4,"minecraft:cooked_beef":2,"minecraft:andesite":8,"minecraft:jungle_log":1,"minecraft:potato":1,"minecraft:flint":1,"minecraft:wither_skeleton_skull":2,"medieval_craft_weapons:plate_chestplate":2,"minecraft:lapis_lazuli":92,"minecraft:dirt":264,"tombstone:familiar_receptacle":1,"minecraft:bone":61,"minecraft:acacia_planks":13,"minecraft:bow":2,"alexscaves:guano":7,"minecraft:wheat_seeds":61,"minecraft:raw_gold":2,"minecraft:mossy_stone_bricks":2,"alexscaves:porous_coprolith":2,"minecraft:oak_planks":6,"minecraft:pitcher_pod":15,"medieval_craft_weapons:sword_1":1,"minecraft:cooked_porkchop":9,"minecraft:sand":69,"medieval_craft_weapons:plate_helmet":2,"minecraft:acacia_stairs":17,"minecraft:diamond_block":11,"minecraft:shulker_box":1,"alexsmobs:animal_dictionary":2,"medieval_craft_weapons:bullet":7,"minecraft:bundle":1,"alexsmobs:mimicream":2,"waystones:waystone":1,"minecraft:granite":13,"alexsmobs:maggot":3,"minecraft:oak_sapling":18,"minecraft:chorus_fruit":11,"minecraft:netherrack":54,"minecraft:diamond_pickaxe":1,"minecraft:end_stone_bricks":6,"minecraft:crafting_table":2,"medieval_craft_weapons:brigandine_chestplate":1,"minecraft:chicken":2,"minecraft:wooden_pickaxe":2,"medieval_craft_weapons:plate_boots":2,"minecraft:dragon_head":1,"minecraft:purpur_block":6,"minecraft:shield":1,"minecraft:cornflower":3,"unusualprehistory:opal_chunk":2,"minecraft:elytra":1,"minecraft:item_frame":4,"unusualprehistory:paleo_fossil":7,"minecraft:beef":4,"minecraft:spruce_slab":2,"minecraft:minecart":1,"biomesoplenty:wildflower":6,"minecraft:raw_iron":45,"minecraft:end_stone":187,"alexscaves:guanostone":40,"minecraft:oak_door":2,"medieval_craft_weapons:titanite_nugget_1":8,"minecraft:spruce_fence":2,"sophisticatedbackpacks:backpack":2,"alexsmobs:straddlite":1,"minecraft:redstone":73,"minecraft:dark_oak_planks":3,"minecraft:arrow":38,"biomesoplenty:jacaranda_stairs":2,"minecraft:beetroot_seeds":15,"minecraft:nether_bricks":24,"minecraft:purpur_slab":1,"unusualprehistory:opal_fossil":2,"tombstone:essence_of_undeath":1,"minecraft:saddle":1,"sophisticatedbackpacks:copper_backpack":2,"minecraft:rail":6,"minecraft:mutton":1,"minecraft:skeleton_skull":2,"minecraft:white_wool":1,"minecraft:bone_block":8,"minecraft:basalt":8,"minecraft:leather":4,"minecraft:packed_mud":3,"minecraft:purpur_stairs":1,"minecraft:oak_log":87,"medieval_craft_weapons:long_sword":2,"minecraft:gunpowder":12,"minecraft:apple":6,"minecraft:stone_bricks":21,"medieval_craft_weapons:greathelmet_helmet":2,"minecraft:cooked_chicken":2,"tombstone:bag_of_seeds":2,"minecraft:acacia_sapling":15,"alexscaves:coprolith":25,"minecraft:book":1,"alexscaves:moth_dust":2,"medieval_craft_weapons:plate_leggings":4,"minecraft:dandelion":3,"minecraft:cracked_nether_bricks":1,"minecraft:gravel":43,"minecraft:spruce_sapling":2,"minecraft:spruce_log":4,"minecraft:spider_eye":14,"biomesoplenty:flowering_oak_sapling":2,"minecraft:diamond_shovel":1,"minecraft:slime_ball":3,"minecraft:baked_potato":1,"tombstone:magic_scroll":1,"minecraft:coal":105,"minecraft:ender_pearl":8,"minecraft:sunflower":4},"minecraft:mined":{"minecraft:dark_oak_planks":3,"minecraft:dragon_wall_head":1,"connectedglass:borderless_glass":4,"minecraft:cobblestone_stairs":1,"unusualprehistory:stone_amber_ore":2,"minecraft:obsidian":3,"minecraft:granite":13,"unusualprehistory:deepslate_opal_ore":4,"minecraft:acacia_log":19,"minecraft:grass_block":131,"unusualprehistory:deepslate_fossil":7,"unusualprehistory:plant_fossil":7,"biomesoplenty:jacaranda_stairs":1,"minecraft:purpur_slab":1,"minecraft:oak_wall_sign":1,"minecraft:chiseled_stone_bricks":1,"minecraft:magma_block":2,"minecraft:fire":11,"minecraft:iron_ore":29,"minecraft:cobbled_deepslate":1,"biomesoplenty:hanging_cobweb":2,"minecraft:iron_bars":2,"biomesoplenty:webbing":8,"minecraft:oak_stairs":3,"alexscaves:underweed":1,"minecraft:end_stone_bricks":6,"sophisticatedbackpacks:copper_backpack":2,"minecraft:spruce_slab":3,"minecraft:deepslate_redstone_ore":15,"minecraft:brown_mushroom":2,"minecraft:polished_blackstone_wall":1,"minecraft:soul_fire":1,"biomesoplenty:wildflower":4,"minecraft:purpur_stairs":1,"biomesoplenty:hanging_cobweb_strand":1,"minecraft:torch":4,"minecraft:poppy":2,"minecraft:melon":2,"minecraft:glass":2,"minecraft:cobblestone":10,"minecraft:oak_planks":5,"minecraft:wall_torch":14,"minecraft:pink_petals":2,"minecraft:seagrass":1,"minecraft:repeater":1,"minecraft:wheat":1,"biomesoplenty:large_rose_quartz_bud":1,"minecraft:purpur_block":7,"minecraft:grass":343,"minecraft:oak_log":82,"minecraft:sand":69,"minecraft:dirt":40,"minecraft:netherrack":55,"minecraft:oak_leaves":10,"minecraft:deepslate":58,"biomesoplenty:reed":1,"connectedglass:borderless_glass_pane":4,"minecraft:oak_door":2,"biomesoplenty:desert_grass":15,"minecraft:shulker_box":1,"minecraft:end_stone":192,"minecraft:glow_lichen":1,"minecraft:chiseled_bookshelf":1,"minecraft:nether_bricks":16,"biomesoplenty:bush":23,"minecraft:redstone_wire":4,"minecraft:spruce_leaves":2,"minecraft:cracked_nether_bricks":1,"minecraft:packed_mud":3,"minecraft:acacia_stairs":17,"minecraft:andesite":4,"minecraft:diamond_block":2,"minecraft:deepslate_iron_ore":16,"minecraft:vine":5,"minecraft:rail":2,"biomesoplenty:barley":47,"biomesoplenty:spider_egg":1,"minecraft:stone":366,"minecraft:bone_block":8,"minecraft:ender_chest":1,"unusualprehistory:deepslate_plant_fossil":4,"alexscaves:porous_coprolith":1,"minecraft:soul_sand":1,"minecraft:magenta_stained_glass":1,"minecraft:oak_fence":1,"minecraft:crafting_table":3,"minecraft:cornflower":1,"minecraft:rose_bush":2,"minecraft:tall_grass":28,"minecraft:purpur_pillar":4,"minecraft:copper_ore":15,"minecraft:deepslate_gold_ore":3,"biomesoplenty:sprout":1,"minecraft:lapis_ore":1,"minecraft:diorite":2,"minecraft:spruce_stairs":1,"minecraft:spruce_log":1,"minecraft:coal_ore":102,"minecraft:end_rod":3,"minecraft:sunflower":8,"minecraft:gravel":46,"minecraft:cobweb":1,"biomesoplenty:stringy_cobweb":4,"alexscaves:guano_layer":1,"minecraft:acacia_planks":13,"minecraft:polished_blackstone":1,"minecraft:stone_bricks":25,"minecraft:mossy_stone_bricks":3,"minecraft:fern":19},"minecraft:custom":{"minecraft:interact_with_crafting_table":94,"minecraft:open_barrel":67,"minecraft:open_shulker_box":1,"minecraft:bell_ring":4,"minecraft:eat_cake_slice":7,"minecraft:leave_game":8,"minecraft:time_since_death":11440,"minecraft:sprint_one_cm":1263491,"minecraft:damage_blocked_by_shield":4101,"minecraft:drop":201,"minecraft:talked_to_villager":1,"minecraft:play_time":543538,"minecraft:deaths":90,"minecraft:jump":13152,"minecraft:interact_with_brewingstand":2,"minecraft:walk_on_water_one_cm":35882,"minecraft:enchant_item":12,"minecraft:interact_with_furnace":33,"minecraft:interact_with_loom":3,"minecraft:waystone_activated":4,"minecraft:open_enderchest":3,"tombstone:sneak_grave":4,"minecraft:damage_dealt":44139,"minecraft:player_kills":6,"minecraft:crouch_one_cm":58796,"tombstone:undead_killed":82,"minecraft:interact_with_anvil":9,"minecraft:mob_kills":238,"minecraft:climb_one_cm":45746,"minecraft:walk_one_cm":878946,"minecraft:damage_dealt_absorbed":200,"minecraft:sneak_time":26706,"minecraft:walk_under_water_one_cm":10811,"minecraft:total_world_time":543538,"minecraft:interact_with_grindstone":13,"minecraft:time_since_rest":11312,"minecraft:damage_taken":40928,"minecraft:damage_absorbed":39,"minecraft:swim_one_cm":50386,"minecraft:fly_one_cm":2053839,"minecraft:open_chest":193,"minecraft:aviate_one_cm":90003,"minecraft:fall_one_cm":521313},"minecraft:dropped":{"alexsmobs:straddlite":1,"medieval_craft_weapons:mace":1,"minecraft:lapis_lazuli":6,"minecraft:cooked_beef":3,"minecraft:oak_log":1,"minecraft:baked_potato":1,"minecraft:diamond":18,"minecraft:pitcher_pod":15,"minecraft:purpur_stairs":1,"minecraft:rail":6,"minecraft:item_frame":4,"minecraft:packed_mud":3,"minecraft:dirt":145,"minecraft:cornflower":3,"minecraft:tnt_minecart":1,"minecraft:sunflower":2,"minecraft:iron_pickaxe":1,"tombstone:familiar_receptacle":1,"minecraft:armor_stand":9,"medieval_craft_weapons:sword_1":2,"minecraft:purpur_block":3,"minecraft:diamond_block":4,"minecraft:iron_nugget":5,"medieval_craft_weapons:plate_boots":1,"minecraft:cobbled_deepslate":1,"medieval_craft_weapons:plate_leggings":4,"minecraft:obsidian":4,"tombstone:gift":1,"minecraft:rotten_flesh":74,"minecraft:diamond_shovel":1,"minecraft:gunpowder":10,"minecraft:beetroot_seeds":15,"ageofweapons:sword_of_kings":3,"minecraft:acacia_sapling":10,"minecraft:spruce_slab":2,"minecraft:basalt":8,"minecraft:end_stone_bricks":2,"minecraft:cracked_nether_bricks":1,"minecraft:netherrack":1,"minecraft:enchanted_book":3,"minecraft:iron_ingot":24,"minecraft:wheat_seeds":28,"minecraft:minecart":1,"minecraft:oak_fence":1,"medieval_craft_weapons:plate_helmet":1,"minecraft:purpur_slab":1,"minecraft:cobblestone":6,"minecraft:spruce_stairs":1,"medieval_craft_weapons:bullet":5,"alexscaves:coprolith":25,"minecraft:coal":7,"minecraft:stick":4,"minecraft:diorite":1,"medieval_craft_weapons:plate_chestplate":3,"tombstone:grave_dust":4,"minecraft:oak_stairs":1,"medieval_craft_weapons:greathelmet_helmet":2,"alexscaves:guanostone":40,"medieval_craft_weapons:brigandine_chestplate":1,"alexscaves:porous_coprolith":2,"minecraft:string":8,"minecraft:acacia_planks":23,"minecraft:spruce_sapling":2,"minecraft:dandelion":3,"alexscaves:guano":7,"minecraft:stone_sword":1,"minecraft:raw_copper":14,"medieval_craft_weapons:long_sword":2,"unusualprehistory:palaeo_embryo":2,"sophisticatedbackpacks:backpack":2,"minecraft:nether_bricks":2,"minecraft:spruce_fence":2,"minecraft:oak_sign":1,"minecraft:diamond_sword":2,"minecraft:oak_button":1,"minecraft:diamond_chestplate":1,"minecraft:spruce_planks":5,"minecraft:diamond_pickaxe":1,"minecraft:andesite":2,"minecraft:mossy_stone_bricks":2,"minecraft:golden_sword":1,"minecraft:stone_bricks":4,"minecraft:spider_eye":5,"medieval_craft_weapons:titanite_nugget_1":5,"minecraft:bow":1,"minecraft:wooden_pickaxe":1,"minecraft:magma_block":1,"medieval_craft_weapons:pole_axe":2,"medieval_craft_weapons:musket":1}},"DataVersion":3465}