{"stats":{"minecraft:crafted":{"minecraft:oak_planks":56,"minecraft:flint_and_steel":1,"ageofweapons:caveman_spear":1,"minecraft:diamond":45,"minecraft:stone_pickaxe":3,"minecraft:oak_button":1,"minecraft:crafting_table":3,"minecraft:spruce_planks":16,"minecraft:diamond_pickaxe":1,"minecraft:stick":44,"minecraft:iron_pickaxe":1,"mobdropsrecipes_nether:nether_essence_rare":1,"minecraft:stone_sword":2,"minecraft:torch":136},"minecraft:killed_by":{"minecraft:player":7,"minecraft:wither_skeleton":2,"minecraft:creeper":1,"minecraft:spider":1,"alexsmobs:capuchin_monkey":2,"medieval_craft_weapons:archer":4,"minecraft:skeleton":2,"medieval_craft_weapons:knight":13,"medieval_craft_weapons:soldier":4},"minecraft:killed":{"alexsmobs:dropbear":1,"minecraft:cave_spider":4,"alexscaves:gloomoth":2,"minecraft:spider":2,"alexscaves:vesper":1,"medieval_craft_weapons:archer":7,"medieval_craft_weapons:knight":15,"minecraft:skeleton":2,"medieval_craft_weapons:soldier":20,"minecraft:chicken":2,"minecraft:pig":1,"minecraft:creeper":1,"minecraft:sheep":1,"minecraft:zombie":7,"alexsmobs:gazelle":1,"alexsmobs:fly":1,"minecraft:wither_skeleton":13,"minecraft:blaze":3,"medieval_craft_weapons:heavyknight":2},"minecraft:used":{"minecraft:stone_sword":60,"minecraft:flint_and_steel":25,"sophisticatedbackpacks:copper_backpack":1,"minecraft:spruce_planks":13,"minecraft:shield":31,"medieval_craft_weapons:sword_1":7,"minecraft:netherrack":17,"minecraft:torch":155,"minecraft:dirt":2,"minecraft:nether_bricks":20,"minecraft:granite":1,"minecraft:dark_oak_planks":3,"minecraft:jungle_log":1,"ageofweapons:caveman_spear":17,"minecraft:stone_bricks":15,"medieval_craft_weapons:mace":10,"minecraft:oak_sapling":1,"medieval_craft_weapons:spear_1":4,"tombstone:gift":3,"minecraft:cooked_beef":42,"minecraft:stone_pickaxe":118,"minecraft:oak_planks":25,"minecraft:wooden_pickaxe":14,"minecraft:diamond_block":2,"minecraft:crafting_table":3,"biomesoplenty:wildflower":1,"minecraft:oak_log":1,"minecraft:diamond_pickaxe":76,"minecraft:bread":54,"minecraft:melon_slice":12,"minecraft:iron_pickaxe":124,"tombstone:grave_key":4,"minecraft:gravel":25,"minecraft:diamond_sword":452,"minecraft:cobblestone":118,"minecraft:andesite":5,"alexsmobs:animal_dictionary":1},"minecraft:broken":{"medieval_craft_weapons:plate_boots":1,"medieval_craft_weapons:plate_helmet":1,"minecraft:shield":1},"minecraft:picked_up":{"minecraft:crafting_table":1,"minecraft:iron_chestplate":1,"medieval_craft_weapons:brigandine_chestplate":1,"unusualprehistory:amber_shard":2,"minecraft:chicken":2,"minecraft:diamond_sword":1,"minecraft:wooden_pickaxe":2,"minecraft:enchanted_book":4,"medieval_craft_weapons:plate_boots":2,"minecraft:shield":1,"medieval_craft_weapons:pole_axe":1,"minecraft:string":13,"minecraft:raw_copper":14,"minecraft:item_frame":4,"minecraft:armor_stand":8,"minecraft:oak_sign":1,"minecraft:tnt_minecart":1,"minecraft:cobbled_deepslate":1,"minecraft:spruce_planks":8,"ageofweapons:caveman_spear":13,"minecraft:rose_bush":1,"unusualprehistory:plant_fossil_item":8,"minecraft:iron_pickaxe":1,"minecraft:spruce_slab":2,"minecraft:melon_slice":12,"biomesoplenty:wildflower":6,"minecraft:iron_boots":1,"minecraft:stick":7,"minecraft:raw_iron":11,"alexscaves:guanostone":40,"medieval_craft_weapons:titanite_nugget_1":1,"minecraft:torch":10,"minecraft:spruce_stairs":1,"sophisticatedbackpacks:backpack":2,"minecraft:spruce_fence":2,"minecraft:porkchop":3,"tombstone:grave_dust":1,"minecraft:diorite":1,"minecraft:redstone":4,"minecraft:dark_oak_planks":3,"minecraft:arrow":2,"minecraft:rotten_flesh":54,"minecraft:nether_bricks":24,"minecraft:saddle":1,"minecraft:blaze_powder":2,"minecraft:blaze_rod":2,"minecraft:obsidian":4,"minecraft:mutton":1,"minecraft:white_wool":1,"minecraft:skeleton_skull":2,"minecraft:rail":4,"minecraft:cobblestone":134,"minecraft:magma_block":1,"minecraft:feather":1,"minecraft:andesite":6,"minecraft:jungle_log":1,"minecraft:potato":1,"minecraft:packed_mud":3,"minecraft:flint":1,"minecraft:oak_log":16,"minecraft:gunpowder":8,"medieval_craft_weapons:long_sword":2,"minecraft:wither_skeleton_skull":1,"medieval_craft_weapons:plate_chestplate":2,"minecraft:lapis_lazuli":10,"minecraft:dirt":24,"minecraft:bone":16,"minecraft:stone_bricks":19,"medieval_craft_weapons:greathelmet_helmet":2,"minecraft:bow":1,"minecraft:wheat_seeds":25,"alexscaves:guano":7,"minecraft:mossy_stone_bricks":2,"alexscaves:porous_coprolith":2,"minecraft:oak_planks":4,"alexscaves:coprolith":25,"medieval_craft_weapons:sword_1":1,"alexscaves:moth_dust":2,"medieval_craft_weapons:plate_leggings":4,"minecraft:cracked_nether_bricks":1,"minecraft:gravel":24,"minecraft:spruce_sapling":2,"medieval_craft_weapons:plate_helmet":2,"minecraft:spruce_log":4,"minecraft:diamond_block":11,"minecraft:spider_eye":6,"alexsmobs:animal_dictionary":2,"medieval_craft_weapons:bullet":7,"waystones:waystone":1,"minecraft:granite":1,"alexsmobs:maggot":2,"minecraft:oak_sapling":1,"minecraft:netherrack":18,"minecraft:coal":53},"minecraft:mined":{"minecraft:dark_oak_planks":3,"biomesoplenty:desert_grass":5,"unusualprehistory:stone_amber_ore":2,"minecraft:obsidian":3,"minecraft:nether_bricks":16,"minecraft:granite":1,"biomesoplenty:bush":2,"minecraft:grass_block":8,"unusualprehistory:plant_fossil":7,"minecraft:redstone_wire":4,"minecraft:spruce_leaves":2,"minecraft:oak_wall_sign":1,"minecraft:cracked_nether_bricks":1,"minecraft:magma_block":2,"minecraft:packed_mud":3,"minecraft:fire":2,"minecraft:iron_ore":11,"minecraft:cobbled_deepslate":1,"minecraft:andesite":2,"minecraft:diamond_block":2,"biomesoplenty:hanging_cobweb":2,"minecraft:vine":2,"biomesoplenty:webbing":8,"alexscaves:underweed":1,"minecraft:stone":117,"biomesoplenty:spider_egg":1,"minecraft:spruce_slab":3,"minecraft:brown_mushroom":2,"minecraft:polished_blackstone_wall":1,"alexscaves:porous_coprolith":1,"minecraft:soul_fire":1,"biomesoplenty:wildflower":2,"biomesoplenty:hanging_cobweb_strand":1,"minecraft:crafting_table":2,"minecraft:melon":2,"minecraft:rose_bush":2,"minecraft:copper_ore":4,"minecraft:cobblestone":4,"minecraft:lapis_ore":1,"minecraft:oak_planks":3,"minecraft:diorite":1,"minecraft:wall_torch":9,"minecraft:seagrass":1,"minecraft:spruce_stairs":1,"minecraft:repeater":1,"minecraft:spruce_log":1,"minecraft:grass":143,"minecraft:oak_log":11,"minecraft:coal_ore":49,"minecraft:gravel":26,"minecraft:dirt":23,"biomesoplenty:stringy_cobweb":4,"minecraft:cobweb":1,"alexscaves:guano_layer":1,"minecraft:polished_blackstone":1,"minecraft:stone_bricks":21,"minecraft:netherrack":19,"minecraft:mossy_stone_bricks":3,"minecraft:oak_leaves":2,"minecraft:fern":18},"minecraft:custom":{"minecraft:mob_kills":92,"minecraft:interact_with_crafting_table":17,"minecraft:open_barrel":44,"minecraft:bell_ring":4,"minecraft:leave_game":1,"minecraft:time_since_death":13972,"minecraft:climb_one_cm":28773,"minecraft:sprint_one_cm":402714,"minecraft:walk_one_cm":358591,"minecraft:damage_blocked_by_shield":2406,"minecraft:drop":98,"minecraft:damage_dealt_absorbed":80,"minecraft:talked_to_villager":1,"minecraft:play_time":185745,"minecraft:deaths":37,"minecraft:sneak_time":9749,"minecraft:walk_under_water_one_cm":3621,"minecraft:jump":4546,"minecraft:interact_with_brewingstand":1,"minecraft:walk_on_water_one_cm":14426,"minecraft:total_world_time":185745,"minecraft:interact_with_furnace":1,"minecraft:waystone_activated":1,"minecraft:time_since_rest":13799,"minecraft:damage_taken":16438,"minecraft:damage_absorbed":39,"tombstone:sneak_grave":2,"minecraft:damage_dealt":14326,"minecraft:swim_one_cm":16780,"minecraft:fly_one_cm":670599,"minecraft:open_chest":68,"minecraft:crouch_one_cm":17654,"tombstone:undead_killed":22,"minecraft:fall_one_cm":151849},"minecraft:dropped":{"minecraft:iron_ingot":24,"minecraft:wheat_seeds":1,"medieval_craft_weapons:mace":1,"minecraft:oak_log":1,"minecraft:diamond":13,"medieval_craft_weapons:plate_helmet":1,"minecraft:cobblestone":3,"minecraft:spruce_stairs":1,"minecraft:rail":4,"alexscaves:coprolith":25,"minecraft:item_frame":4,"minecraft:packed_mud":3,"minecraft:dirt":2,"minecraft:diorite":1,"medieval_craft_weapons:plate_chestplate":3,"minecraft:tnt_minecart":1,"medieval_craft_weapons:greathelmet_helmet":2,"alexscaves:guanostone":40,"minecraft:iron_pickaxe":1,"minecraft:string":8,"medieval_craft_weapons:brigandine_chestplate":1,"alexscaves:porous_coprolith":2,"minecraft:spruce_sapling":2,"minecraft:armor_stand":9,"alexscaves:guano":7,"medieval_craft_weapons:sword_1":2,"minecraft:diamond_block":4,"minecraft:iron_nugget":5,"medieval_craft_weapons:plate_boots":1,"minecraft:cobbled_deepslate":1,"medieval_craft_weapons:long_sword":2,"medieval_craft_weapons:plate_leggings":4,"minecraft:obsidian":4,"minecraft:rotten_flesh":54,"sophisticatedbackpacks:backpack":2,"minecraft:nether_bricks":2,"minecraft:spruce_fence":2,"minecraft:oak_sign":1,"minecraft:gunpowder":4,"minecraft:oak_button":1,"minecraft:spruce_planks":5,"minecraft:andesite":1,"minecraft:mossy_stone_bricks":2,"medieval_craft_weapons:titanite_nugget_1":1,"minecraft:spider_eye":5,"minecraft:stone_bricks":4,"minecraft:spruce_slab":2,"minecraft:bow":1,"minecraft:wooden_pickaxe":1,"minecraft:cracked_nether_bricks":1,"minecraft:magma_block":1,"medieval_craft_weapons:pole_axe":2,"minecraft:netherrack":1,"medieval_craft_weapons:musket":1}},"DataVersion":3465}