{"stats":{"minecraft:crafted":{"minecraft:oak_planks":56,"ageofweapons:caveman_spear":1,"minecraft:diamond":45,"minecraft:stone_pickaxe":3,"minecraft:oak_button":1,"minecraft:crafting_table":3,"minecraft:spruce_planks":16,"minecraft:diamond_pickaxe":1,"minecraft:stick":44,"minecraft:iron_pickaxe":1,"minecraft:stone_sword":2,"minecraft:torch":136},"minecraft:killed_by":{"minecraft:player":6,"minecraft:creeper":1,"minecraft:spider":1,"alexsmobs:capuchin_monkey":2,"medieval_craft_weapons:archer":2,"minecraft:skeleton":2,"medieval_craft_weapons:knight":8,"medieval_craft_weapons:soldier":2},"minecraft:killed":{"minecraft:cave_spider":4,"alexscaves:gloomoth":2,"minecraft:spider":1,"alexscaves:vesper":1,"medieval_craft_weapons:archer":3,"medieval_craft_weapons:knight":4,"minecraft:skeleton":1,"medieval_craft_weapons:soldier":9,"minecraft:chicken":2,"minecraft:pig":1,"minecraft:sheep":1,"minecraft:zombie":3,"alexsmobs:gazelle":1,"alexsmobs:fly":1},"minecraft:used":{"minecraft:stone_sword":60,"minecraft:spruce_planks":13,"minecraft:shield":20,"minecraft:torch":138,"minecraft:dirt":2,"minecraft:granite":1,"minecraft:jungle_log":1,"ageofweapons:caveman_spear":17,"minecraft:stone_bricks":15,"minecraft:oak_sapling":1,"tombstone:gift":3,"minecraft:cooked_beef":12,"minecraft:stone_pickaxe":118,"minecraft:oak_planks":25,"minecraft:wooden_pickaxe":14,"minecraft:diamond_block":2,"minecraft:crafting_table":3,"minecraft:oak_log":1,"minecraft:diamond_pickaxe":11,"minecraft:bread":27,"minecraft:melon_slice":12,"minecraft:iron_pickaxe":27,"tombstone:grave_key":2,"minecraft:gravel":3,"minecraft:diamond_sword":165,"minecraft:cobblestone":49,"minecraft:andesite":1,"alexsmobs:animal_dictionary":1},"minecraft:broken":{"minecraft:shield":1},"minecraft:picked_up":{"minecraft:crafting_table":1,"minecraft:iron_chestplate":1,"medieval_craft_weapons:brigandine_chestplate":1,"unusualprehistory:amber_shard":2,"minecraft:chicken":2,"minecraft:diamond_sword":1,"minecraft:wooden_pickaxe":2,"medieval_craft_weapons:plate_boots":1,"minecraft:shield":1,"medieval_craft_weapons:pole_axe":1,"minecraft:string":10,"minecraft:armor_stand":4,"minecraft:oak_sign":1,"minecraft:tnt_minecart":1,"minecraft:cobbled_deepslate":1,"minecraft:spruce_planks":8,"ageofweapons:caveman_spear":13,"minecraft:rose_bush":1,"unusualprehistory:plant_fossil_item":7,"minecraft:spruce_slab":2,"minecraft:melon_slice":12,"biomesoplenty:wildflower":5,"minecraft:iron_boots":1,"minecraft:stick":7,"minecraft:raw_iron":11,"alexscaves:guanostone":40,"minecraft:torch":4,"minecraft:spruce_stairs":1,"minecraft:spruce_fence":2,"minecraft:porkchop":3,"tombstone:grave_dust":1,"minecraft:diorite":1,"minecraft:redstone":4,"minecraft:arrow":2,"minecraft:rotten_flesh":54,"minecraft:saddle":1,"minecraft:mutton":1,"minecraft:white_wool":1,"minecraft:skeleton_skull":2,"minecraft:rail":4,"minecraft:cobblestone":66,"minecraft:feather":1,"minecraft:andesite":6,"minecraft:jungle_log":1,"minecraft:packed_mud":3,"minecraft:oak_log":16,"medieval_craft_weapons:long_sword":1,"minecraft:lapis_lazuli":10,"minecraft:dirt":6,"minecraft:bone":2,"minecraft:stone_bricks":17,"medieval_craft_weapons:greathelmet_helmet":2,"minecraft:bow":1,"minecraft:wheat_seeds":16,"alexscaves:guano":7,"minecraft:mossy_stone_bricks":2,"alexscaves:porous_coprolith":2,"minecraft:oak_planks":4,"alexscaves:coprolith":25,"medieval_craft_weapons:sword_1":1,"alexscaves:moth_dust":2,"medieval_craft_weapons:plate_leggings":1,"minecraft:gravel":3,"minecraft:spruce_sapling":2,"medieval_craft_weapons:plate_helmet":1,"minecraft:spruce_log":4,"minecraft:diamond_block":11,"minecraft:spider_eye":4,"alexsmobs:animal_dictionary":2,"minecraft:granite":1,"alexsmobs:maggot":2,"minecraft:oak_sapling":1,"minecraft:coal":32},"minecraft:mined":{"unusualprehistory:stone_amber_ore":2,"minecraft:granite":1,"minecraft:grass_block":3,"unusualprehistory:plant_fossil":6,"minecraft:redstone_wire":4,"minecraft:spruce_leaves":2,"minecraft:oak_wall_sign":1,"minecraft:packed_mud":3,"minecraft:iron_ore":11,"minecraft:cobbled_deepslate":1,"minecraft:andesite":2,"minecraft:diamond_block":2,"minecraft:vine":2,"biomesoplenty:webbing":4,"alexscaves:underweed":1,"minecraft:stone":51,"biomesoplenty:spider_egg":1,"minecraft:spruce_slab":3,"minecraft:brown_mushroom":2,"alexscaves:porous_coprolith":1,"biomesoplenty:hanging_cobweb_strand":1,"minecraft:crafting_table":2,"minecraft:melon":2,"minecraft:rose_bush":2,"minecraft:cobblestone":2,"minecraft:lapis_ore":1,"minecraft:oak_planks":3,"minecraft:diorite":1,"minecraft:wall_torch":3,"minecraft:seagrass":1,"minecraft:spruce_stairs":1,"minecraft:repeater":1,"minecraft:grass":76,"minecraft:oak_log":11,"minecraft:coal_ore":32,"minecraft:gravel":3,"minecraft:dirt":10,"biomesoplenty:stringy_cobweb":4,"minecraft:cobweb":1,"alexscaves:guano_layer":1,"minecraft:stone_bricks":19,"minecraft:mossy_stone_bricks":3,"minecraft:oak_leaves":2,"minecraft:fern":12},"minecraft:custom":{"minecraft:mob_kills":37,"minecraft:interact_with_crafting_table":14,"minecraft:open_barrel":2,"minecraft:bell_ring":4,"minecraft:leave_game":1,"minecraft:time_since_death":31477,"minecraft:climb_one_cm":25742,"minecraft:sprint_one_cm":227465,"minecraft:walk_one_cm":222655,"minecraft:damage_blocked_by_shield":1671,"minecraft:drop":62,"minecraft:talked_to_villager":1,"minecraft:play_time":119745,"minecraft:deaths":25,"minecraft:sneak_time":6457,"minecraft:walk_under_water_one_cm":2883,"minecraft:jump":2431,"minecraft:walk_on_water_one_cm":3552,"minecraft:total_world_time":119745,"minecraft:interact_with_furnace":1,"minecraft:time_since_rest":31264,"minecraft:damage_taken":9229,"minecraft:damage_absorbed":39,"tombstone:sneak_grave":2,"minecraft:damage_dealt":5331,"minecraft:swim_one_cm":5710,"minecraft:fly_one_cm":329857,"minecraft:open_chest":45,"minecraft:crouch_one_cm":10992,"tombstone:undead_killed":4,"minecraft:fall_one_cm":73863},"minecraft:dropped":{"minecraft:iron_ingot":24,"minecraft:wheat_seeds":1,"minecraft:oak_log":1,"minecraft:diamond":13,"medieval_craft_weapons:plate_helmet":1,"minecraft:cobblestone":1,"minecraft:spruce_stairs":1,"alexscaves:coprolith":25,"minecraft:packed_mud":3,"minecraft:dirt":1,"minecraft:diorite":1,"medieval_craft_weapons:plate_chestplate":1,"minecraft:tnt_minecart":1,"medieval_craft_weapons:greathelmet_helmet":1,"alexscaves:guanostone":40,"medieval_craft_weapons:brigandine_chestplate":1,"alexscaves:porous_coprolith":2,"minecraft:spruce_sapling":2,"minecraft:armor_stand":5,"medieval_craft_weapons:sword_1":1,"minecraft:diamond_block":4,"medieval_craft_weapons:plate_boots":1,"minecraft:cobbled_deepslate":1,"medieval_craft_weapons:long_sword":1,"medieval_craft_weapons:plate_leggings":1,"minecraft:rotten_flesh":54,"minecraft:spruce_fence":2,"minecraft:oak_sign":1,"minecraft:oak_button":1,"minecraft:spruce_planks":5,"minecraft:andesite":1,"minecraft:mossy_stone_bricks":2,"minecraft:spider_eye":4,"minecraft:stone_bricks":2,"minecraft:spruce_slab":2,"minecraft:bow":1,"minecraft:wooden_pickaxe":1,"medieval_craft_weapons:pole_axe":2,"medieval_craft_weapons:musket":1}},"DataVersion":3465}