{"stats":{"minecraft:custom":{"minecraft:time_since_rest":1019,"minecraft:sprint_one_cm":37756,"minecraft:damage_taken":1351,"minecraft:walk_one_cm":38746,"tombstone:sneak_grave":1,"minecraft:mob_kills":3,"minecraft:damage_dealt":223,"minecraft:interact_with_crafting_table":2,"minecraft:fly_one_cm":90718,"minecraft:crouch_one_cm":3561,"minecraft:play_time":39401,"minecraft:deaths":5,"minecraft:sneak_time":2094,"minecraft:walk_under_water_one_cm":1725,"minecraft:jump":698,"minecraft:time_since_death":0,"minecraft:walk_on_water_one_cm":170,"minecraft:total_world_time":39401,"minecraft:climb_one_cm":2009,"minecraft:fall_one_cm":24688},"minecraft:picked_up":{"minecraft:stick":1,"minecraft:feather":1,"minecraft:chicken":2,"minecraft:jungle_log":1,"minecraft:wooden_pickaxe":1,"minecraft:oak_log":10,"tombstone:grave_dust":1,"minecraft:dirt":2,"alexsmobs:animal_dictionary":2,"minecraft:wheat_seeds":8,"ageofweapons:caveman_spear":12,"alexsmobs:maggot":2,"minecraft:oak_sapling":1,"minecraft:melon_slice":12,"minecraft:coal":23,"minecraft:cobblestone":24},"minecraft:crafted":{"ageofweapons:caveman_spear":1,"minecraft:oak_planks":36,"minecraft:crafting_table":1,"minecraft:stick":4,"minecraft:stone_pickaxe":1,"minecraft:oak_button":1},"minecraft:mined":{"minecraft:crafting_table":1,"minecraft:grass":49,"minecraft:coal_ore":23,"minecraft:oak_log":11,"minecraft:melon":2,"minecraft:dirt":8,"minecraft:stone":24,"minecraft:oak_leaves":2,"minecraft:fern":10},"minecraft:killed_by":{"alexsmobs:capuchin_monkey":2,"minecraft:player":2,"minecraft:skeleton":1},"minecraft:used":{"minecraft:oak_log":1,"minecraft:melon_slice":6,"minecraft:stone_pickaxe":43,"minecraft:jungle_log":1,"minecraft:wooden_pickaxe":14,"ageofweapons:caveman_spear":15,"minecraft:dirt":2,"minecraft:crafting_table":1,"minecraft:oak_sapling":1,"tombstone:gift":1,"alexsmobs:animal_dictionary":1},"minecraft:killed":{"minecraft:chicken":2,"alexsmobs:fly":1}},"DataVersion":3465}