{"stats":{"minecraft:custom":{"minecraft:mob_kills":28,"minecraft:interact_with_crafting_table":13,"minecraft:open_barrel":2,"minecraft:bell_ring":4,"minecraft:time_since_death":5133,"minecraft:climb_one_cm":21383,"minecraft:sprint_one_cm":171986,"minecraft:walk_one_cm":160098,"minecraft:damage_blocked_by_shield":936,"minecraft:drop":47,"minecraft:talked_to_villager":1,"minecraft:play_time":93401,"minecraft:deaths":25,"minecraft:sneak_time":5317,"minecraft:walk_under_water_one_cm":2321,"minecraft:jump":1895,"minecraft:walk_on_water_one_cm":2122,"minecraft:total_world_time":93401,"minecraft:interact_with_furnace":1,"minecraft:time_since_rest":4920,"minecraft:damage_taken":7966,"tombstone:sneak_grave":2,"minecraft:damage_dealt":3927,"minecraft:swim_one_cm":2011,"minecraft:fly_one_cm":259908,"minecraft:open_chest":45,"minecraft:crouch_one_cm":9742,"tombstone:undead_killed":2,"minecraft:fall_one_cm":53311},"minecraft:picked_up":{"minecraft:iron_chestplate":1,"medieval_craft_weapons:brigandine_chestplate":1,"minecraft:chicken":2,"minecraft:diamond_sword":1,"minecraft:wooden_pickaxe":2,"medieval_craft_weapons:plate_boots":1,"minecraft:shield":1,"medieval_craft_weapons:pole_axe":1,"minecraft:string":6,"minecraft:armor_stand":4,"minecraft:oak_sign":1,"minecraft:cobbled_deepslate":1,"minecraft:tnt_minecart":1,"minecraft:spruce_planks":8,"ageofweapons:caveman_spear":13,"minecraft:rose_bush":1,"unusualprehistory:plant_fossil_item":1,"minecraft:spruce_slab":2,"minecraft:melon_slice":12,"biomesoplenty:wildflower":5,"minecraft:iron_boots":1,"minecraft:stick":7,"minecraft:torch":3,"minecraft:spruce_stairs":1,"minecraft:spruce_fence":2,"tombstone:grave_dust":1,"minecraft:diorite":1,"minecraft:redstone":4,"minecraft:rotten_flesh":53,"minecraft:saddle":1,"minecraft:mutton":1,"minecraft:white_wool":1,"minecraft:skeleton_skull":2,"minecraft:rail":4,"minecraft:cobblestone":62,"minecraft:feather":1,"minecraft:andesite":1,"minecraft:jungle_log":1,"minecraft:oak_log":15,"medieval_craft_weapons:long_sword":1,"minecraft:dirt":5,"minecraft:stone_bricks":17,"medieval_craft_weapons:greathelmet_helmet":2,"minecraft:bow":1,"minecraft:wheat_seeds":15,"minecraft:mossy_stone_bricks":2,"minecraft:oak_planks":4,"medieval_craft_weapons:sword_1":1,"medieval_craft_weapons:plate_leggings":1,"minecraft:spruce_sapling":2,"medieval_craft_weapons:plate_helmet":1,"minecraft:spruce_log":4,"minecraft:diamond_block":11,"alexsmobs:animal_dictionary":2,"minecraft:spider_eye":2,"minecraft:granite":1,"alexsmobs:maggot":2,"minecraft:oak_sapling":1,"minecraft:coal":31},"minecraft:crafted":{"minecraft:oak_planks":56,"ageofweapons:caveman_spear":1,"minecraft:stone_pickaxe":3,"minecraft:oak_button":1,"minecraft:crafting_table":2,"minecraft:spruce_planks":16,"minecraft:stick":40,"minecraft:iron_pickaxe":1,"minecraft:stone_sword":2,"minecraft:torch":136},"minecraft:mined":{"minecraft:granite":1,"minecraft:grass_block":3,"minecraft:redstone_wire":4,"minecraft:spruce_leaves":2,"minecraft:oak_wall_sign":1,"minecraft:cobbled_deepslate":1,"minecraft:andesite":1,"minecraft:diamond_block":2,"minecraft:vine":2,"minecraft:stone":47,"minecraft:spruce_slab":3,"minecraft:crafting_table":1,"minecraft:melon":2,"minecraft:rose_bush":2,"minecraft:cobblestone":2,"minecraft:oak_planks":3,"minecraft:diorite":1,"minecraft:wall_torch":3,"minecraft:seagrass":1,"minecraft:spruce_stairs":1,"minecraft:repeater":1,"minecraft:grass":72,"minecraft:coal_ore":31,"minecraft:oak_log":11,"minecraft:dirt":8,"minecraft:stone_bricks":19,"minecraft:mossy_stone_bricks":3,"minecraft:oak_leaves":2,"minecraft:fern":12},"minecraft:killed_by":{"minecraft:player":6,"minecraft:creeper":1,"minecraft:spider":1,"alexsmobs:capuchin_monkey":2,"medieval_craft_weapons:archer":2,"minecraft:skeleton":2,"medieval_craft_weapons:knight":8,"medieval_craft_weapons:soldier":2},"minecraft:used":{"minecraft:stone_sword":60,"minecraft:spruce_planks":8,"minecraft:shield":7,"minecraft:torch":66,"minecraft:dirt":2,"minecraft:granite":1,"minecraft:jungle_log":1,"ageofweapons:caveman_spear":17,"minecraft:stone_bricks":15,"minecraft:oak_sapling":1,"tombstone:gift":3,"minecraft:cooked_beef":12,"minecraft:stone_pickaxe":118,"minecraft:oak_planks":25,"minecraft:wooden_pickaxe":14,"minecraft:diamond_block":2,"minecraft:crafting_table":2,"minecraft:oak_log":1,"minecraft:melon_slice":12,"minecraft:bread":2,"minecraft:iron_pickaxe":3,"tombstone:grave_key":2,"minecraft:diamond_sword":128,"minecraft:cobblestone":49,"alexsmobs:animal_dictionary":1},"minecraft:killed":{"minecraft:cave_spider":2,"minecraft:spider":1,"medieval_craft_weapons:archer":3,"medieval_craft_weapons:knight":4,"medieval_craft_weapons:soldier":9,"minecraft:chicken":2,"minecraft:sheep":1,"minecraft:zombie":2,"alexsmobs:gazelle":1,"alexsmobs:fly":1},"minecraft:dropped":{"minecraft:iron_ingot":24,"minecraft:diamond":13,"medieval_craft_weapons:plate_helmet":1,"minecraft:spruce_stairs":1,"minecraft:diorite":1,"medieval_craft_weapons:plate_chestplate":1,"medieval_craft_weapons:greathelmet_helmet":1,"medieval_craft_weapons:brigandine_chestplate":1,"minecraft:spruce_sapling":2,"minecraft:armor_stand":5,"medieval_craft_weapons:sword_1":1,"minecraft:diamond_block":4,"medieval_craft_weapons:plate_boots":1,"minecraft:cobbled_deepslate":1,"medieval_craft_weapons:long_sword":1,"medieval_craft_weapons:plate_leggings":1,"minecraft:rotten_flesh":53,"minecraft:oak_sign":1,"minecraft:oak_button":1,"minecraft:andesite":1,"minecraft:mossy_stone_bricks":2,"minecraft:spider_eye":2,"minecraft:stone_bricks":2,"minecraft:spruce_slab":1,"minecraft:bow":1,"minecraft:wooden_pickaxe":1,"medieval_craft_weapons:pole_axe":2,"medieval_craft_weapons:musket":1}},"DataVersion":3465}