{"stats":{"minecraft:custom":{"minecraft:mob_kills":11,"minecraft:interact_with_crafting_table":4,"minecraft:bell_ring":4,"minecraft:time_since_death":7402,"minecraft:climb_one_cm":8716,"minecraft:time_since_rest":7190,"minecraft:sprint_one_cm":102778,"minecraft:damage_taken":5380,"minecraft:walk_one_cm":89401,"minecraft:damage_blocked_by_shield":149,"tombstone:sneak_grave":2,"minecraft:drop":14,"minecraft:damage_dealt":1353,"minecraft:swim_one_cm":2011,"minecraft:talked_to_villager":1,"minecraft:fly_one_cm":196554,"minecraft:open_chest":19,"tombstone:undead_killed":1,"minecraft:crouch_one_cm":4531,"minecraft:play_time":63401,"minecraft:deaths":19,"minecraft:sneak_time":2732,"minecraft:walk_under_water_one_cm":2321,"minecraft:jump":1376,"minecraft:walk_on_water_one_cm":1943,"minecraft:total_world_time":63401,"minecraft:fall_one_cm":45057},"minecraft:picked_up":{"minecraft:iron_chestplate":1,"minecraft:feather":1,"medieval_craft_weapons:brigandine_chestplate":1,"minecraft:chicken":2,"minecraft:jungle_log":1,"minecraft:andesite":1,"minecraft:diamond_sword":1,"minecraft:wooden_pickaxe":1,"medieval_craft_weapons:plate_boots":1,"minecraft:oak_log":10,"minecraft:shield":1,"medieval_craft_weapons:pole_axe":1,"minecraft:dirt":5,"minecraft:string":4,"minecraft:armor_stand":4,"minecraft:stone_bricks":10,"medieval_craft_weapons:greathelmet_helmet":2,"minecraft:wheat_seeds":15,"ageofweapons:caveman_spear":13,"minecraft:rose_bush":1,"minecraft:mossy_stone_bricks":2,"minecraft:melon_slice":12,"minecraft:iron_boots":1,"medieval_craft_weapons:sword_1":1,"minecraft:stick":1,"medieval_craft_weapons:plate_leggings":1,"medieval_craft_weapons:plate_helmet":1,"tombstone:grave_dust":1,"minecraft:diorite":1,"minecraft:spider_eye":2,"alexsmobs:animal_dictionary":2,"minecraft:rotten_flesh":53,"minecraft:granite":1,"minecraft:saddle":1,"alexsmobs:maggot":2,"minecraft:oak_sapling":1,"minecraft:mutton":1,"minecraft:coal":30,"minecraft:white_wool":1,"minecraft:cobblestone":31},"minecraft:crafted":{"minecraft:oak_planks":36,"minecraft:crafting_table":1,"ageofweapons:caveman_spear":1,"minecraft:stick":20,"minecraft:stone_pickaxe":3,"minecraft:stone_sword":2,"minecraft:oak_button":1,"minecraft:torch":48},"minecraft:mined":{"minecraft:crafting_table":1,"minecraft:granite":1,"minecraft:grass_block":3,"minecraft:melon":2,"minecraft:rose_bush":2,"minecraft:cobblestone":2,"minecraft:diorite":1,"minecraft:seagrass":1,"minecraft:cobbled_deepslate":1,"minecraft:andesite":1,"minecraft:grass":72,"minecraft:oak_log":11,"minecraft:coal_ore":30,"minecraft:dirt":8,"minecraft:stone_bricks":10,"minecraft:stone":31,"minecraft:mossy_stone_bricks":3,"minecraft:oak_leaves":2,"minecraft:fern":12},"minecraft:killed_by":{"minecraft:player":4,"minecraft:skeleton":2,"minecraft:spider":1,"alexsmobs:capuchin_monkey":2,"medieval_craft_weapons:knight":7,"medieval_craft_weapons:soldier":2,"medieval_craft_weapons:archer":1},"minecraft:used":{"minecraft:stone_sword":60,"minecraft:stone_pickaxe":80,"minecraft:shield":2,"minecraft:wooden_pickaxe":14,"minecraft:torch":25,"minecraft:dirt":2,"minecraft:crafting_table":1,"minecraft:granite":1,"minecraft:oak_log":1,"minecraft:melon_slice":12,"minecraft:jungle_log":1,"ageofweapons:caveman_spear":17,"tombstone:grave_key":2,"minecraft:diamond_sword":13,"minecraft:cobblestone":18,"minecraft:oak_sapling":1,"tombstone:gift":3,"alexsmobs:animal_dictionary":1,"minecraft:cooked_beef":1},"minecraft:killed":{"minecraft:spider":1,"medieval_craft_weapons:knight":2,"minecraft:sheep":1,"medieval_craft_weapons:soldier":1,"minecraft:zombie":1,"minecraft:chicken":2,"alexsmobs:gazelle":1,"alexsmobs:fly":1},"minecraft:dropped":{"medieval_craft_weapons:plate_boots":1,"medieval_craft_weapons:plate_leggings":1,"medieval_craft_weapons:plate_helmet":1,"minecraft:rotten_flesh":53,"minecraft:diorite":1,"minecraft:mossy_stone_bricks":1,"minecraft:andesite":1,"medieval_craft_weapons:plate_chestplate":1,"medieval_craft_weapons:greathelmet_helmet":1,"minecraft:spider_eye":2,"medieval_craft_weapons:brigandine_chestplate":1,"medieval_craft_weapons:pole_axe":1,"medieval_craft_weapons:musket":1}},"DataVersion":3465}