{"stats":{"minecraft:mined":{"minecraft:grass":8,"minecraft:oak_log":10,"minecraft:oak_leaves":1,"minecraft:crafting_table":1,"minecraft:fern":6},"minecraft:killed":{"alexsmobs:fly":1},"minecraft:killed_by":{"minecraft:player":2},"minecraft:used":{"tombstone:gift":1},"minecraft:custom":{"minecraft:time_since_rest":2894,"minecraft:crouch_one_cm":781,"minecraft:play_time":8154,"minecraft:sprint_one_cm":15341,"minecraft:walk_one_cm":8469,"minecraft:damage_taken":691,"minecraft:deaths":2,"minecraft:sneak_time":633,"minecraft:mob_kills":1,"minecraft:jump":322,"minecraft:damage_dealt":14,"minecraft:time_since_death":3094,"minecraft:total_world_time":8154,"minecraft:climb_one_cm":1122,"minecraft:fly_one_cm":40395,"minecraft:fall_one_cm":10302},"minecraft:picked_up":{"minecraft:stick":1,"minecraft:wheat_seeds":2,"minecraft:oak_log":9,"tombstone:grave_dust":1,"alexsmobs:maggot":2,"minecraft:oak_sapling":1,"alexsmobs:animal_dictionary":2}},"DataVersion":3465}