{"stats":{"minecraft:custom":{"minecraft:time_since_rest":22141,"minecraft:sprint_one_cm":29905,"minecraft:damage_taken":711,"minecraft:walk_one_cm":26960,"minecraft:mob_kills":2,"minecraft:damage_dealt":54,"minecraft:fly_one_cm":70110,"minecraft:crouch_one_cm":1304,"minecraft:play_time":27401,"minecraft:deaths":2,"minecraft:sneak_time":1023,"minecraft:walk_under_water_one_cm":1725,"minecraft:jump":584,"minecraft:time_since_death":22341,"minecraft:walk_on_water_one_cm":170,"minecraft:total_world_time":27401,"minecraft:climb_one_cm":1866,"minecraft:fall_one_cm":20541},"minecraft:picked_up":{"minecraft:stick":1,"minecraft:feather":1,"minecraft:chicken":1,"minecraft:jungle_log":1,"minecraft:wooden_pickaxe":1,"minecraft:oak_log":10,"tombstone:grave_dust":1,"minecraft:dirt":2,"alexsmobs:animal_dictionary":2,"minecraft:wheat_seeds":7,"alexsmobs:maggot":2,"minecraft:oak_sapling":1,"minecraft:melon_slice":12,"minecraft:cobblestone":4},"minecraft:mined":{"minecraft:crafting_table":1,"minecraft:grass":44,"minecraft:oak_log":11,"minecraft:melon":2,"minecraft:dirt":8,"minecraft:stone":4,"minecraft:oak_leaves":2,"minecraft:fern":10},"minecraft:killed_by":{"minecraft:player":2},"minecraft:used":{"minecraft:oak_log":1,"minecraft:melon_slice":3,"minecraft:jungle_log":1,"minecraft:wooden_pickaxe":4,"minecraft:oak_sapling":1,"tombstone:gift":1,"alexsmobs:animal_dictionary":1},"minecraft:killed":{"minecraft:chicken":1,"alexsmobs:fly":1}},"DataVersion":3465}