{"stats":{"minecraft:mined":{"minecraft:grass":44,"minecraft:oak_log":10,"minecraft:melon":2,"minecraft:stone":1,"minecraft:oak_leaves":2,"minecraft:crafting_table":1,"minecraft:fern":10},"minecraft:killed":{"alexsmobs:fly":1,"minecraft:chicken":1},"minecraft:killed_by":{"minecraft:player":2},"minecraft:used":{"minecraft:oak_sapling":1,"minecraft:melon_slice":3,"minecraft:jungle_log":1,"alexsmobs:animal_dictionary":1,"tombstone:gift":1,"minecraft:wooden_pickaxe":1},"minecraft:custom":{"minecraft:time_since_rest":10351,"minecraft:crouch_one_cm":1228,"minecraft:play_time":15611,"minecraft:sprint_one_cm":29905,"minecraft:walk_one_cm":26620,"minecraft:damage_taken":711,"minecraft:deaths":2,"minecraft:sneak_time":779,"minecraft:walk_under_water_one_cm":1725,"minecraft:mob_kills":2,"minecraft:jump":582,"minecraft:damage_dealt":54,"minecraft:walk_on_water_one_cm":170,"minecraft:time_since_death":10551,"minecraft:total_world_time":15611,"minecraft:climb_one_cm":1866,"minecraft:fly_one_cm":70110,"minecraft:fall_one_cm":20541},"minecraft:picked_up":{"minecraft:chicken":1,"minecraft:feather":1,"minecraft:stick":1,"minecraft:jungle_log":1,"minecraft:wheat_seeds":7,"minecraft:wooden_pickaxe":1,"minecraft:oak_log":9,"tombstone:grave_dust":1,"alexsmobs:maggot":2,"minecraft:oak_sapling":1,"minecraft:melon_slice":12,"alexsmobs:animal_dictionary":2,"minecraft:cobblestone":1}},"DataVersion":3465}