{"stats":{"minecraft:custom":{"minecraft:mob_kills":5,"minecraft:interact_with_crafting_table":4,"minecraft:time_since_death":0,"minecraft:climb_one_cm":4298,"minecraft:time_since_rest":25,"minecraft:sprint_one_cm":70924,"minecraft:damage_taken":3447,"minecraft:walk_one_cm":61537,"tombstone:sneak_grave":2,"minecraft:damage_dealt":695,"minecraft:swim_one_cm":2011,"minecraft:fly_one_cm":140529,"minecraft:open_chest":2,"minecraft:crouch_one_cm":4484,"minecraft:play_time":51401,"minecraft:deaths":12,"minecraft:sneak_time":2723,"minecraft:walk_under_water_one_cm":2321,"minecraft:jump":1102,"minecraft:walk_on_water_one_cm":1905,"minecraft:total_world_time":51401,"minecraft:fall_one_cm":36564},"minecraft:picked_up":{"minecraft:feather":1,"medieval_craft_weapons:brigandine_chestplate":1,"minecraft:chicken":2,"minecraft:jungle_log":1,"minecraft:andesite":1,"minecraft:wooden_pickaxe":1,"medieval_craft_weapons:plate_boots":1,"minecraft:oak_log":10,"minecraft:dirt":5,"minecraft:string":4,"minecraft:armor_stand":4,"medieval_craft_weapons:greathelmet_helmet":1,"minecraft:wheat_seeds":8,"ageofweapons:caveman_spear":13,"minecraft:mossy_stone_bricks":1,"minecraft:melon_slice":12,"minecraft:stick":1,"medieval_craft_weapons:plate_leggings":1,"medieval_craft_weapons:plate_helmet":1,"tombstone:grave_dust":1,"minecraft:diorite":1,"minecraft:spider_eye":2,"alexsmobs:animal_dictionary":2,"minecraft:rotten_flesh":1,"minecraft:granite":1,"alexsmobs:maggot":2,"minecraft:oak_sapling":1,"minecraft:coal":30,"minecraft:cobblestone":31},"minecraft:crafted":{"minecraft:oak_planks":36,"minecraft:crafting_table":1,"ageofweapons:caveman_spear":1,"minecraft:stick":20,"minecraft:stone_pickaxe":3,"minecraft:stone_sword":2,"minecraft:oak_button":1,"minecraft:torch":48},"minecraft:mined":{"minecraft:crafting_table":1,"minecraft:granite":1,"minecraft:grass_block":3,"minecraft:melon":2,"minecraft:diorite":1,"minecraft:seagrass":1,"minecraft:andesite":1,"minecraft:grass":59,"minecraft:oak_log":11,"minecraft:coal_ore":30,"minecraft:dirt":8,"minecraft:stone":31,"minecraft:mossy_stone_bricks":1,"minecraft:oak_leaves":2,"minecraft:fern":12},"minecraft:killed_by":{"minecraft:player":2,"minecraft:skeleton":2,"minecraft:spider":1,"alexsmobs:capuchin_monkey":2,"medieval_craft_weapons:knight":2,"medieval_craft_weapons:soldier":2,"medieval_craft_weapons:archer":1},"minecraft:used":{"minecraft:stone_sword":37,"minecraft:stone_pickaxe":64,"minecraft:wooden_pickaxe":14,"minecraft:torch":20,"minecraft:dirt":2,"minecraft:crafting_table":1,"minecraft:granite":1,"minecraft:oak_log":1,"minecraft:melon_slice":12,"minecraft:jungle_log":1,"ageofweapons:caveman_spear":16,"tombstone:grave_key":1,"minecraft:cobblestone":11,"minecraft:oak_sapling":1,"tombstone:gift":3,"alexsmobs:animal_dictionary":1},"minecraft:killed":{"minecraft:spider":1,"minecraft:chicken":2,"alexsmobs:fly":1}},"DataVersion":3465}