{"stats":{"minecraft:crafted":{"minecraft:oak_planks":12,"minecraft:iron_chestplate":1,"minecraft:iron_axe":1,"minecraft:stick":8,"minecraft:iron_pickaxe":2,"minecraft:iron_sword":1,"minecraft:minecart":1},"minecraft:killed_by":{"minecraft:skeleton":5,"minecraft:zombie":1},"minecraft:killed":{"minecraft:sheep":1,"alexsmobs:raccoon":1,"minecraft:spider":1,"alexsmobs:seal":1},"minecraft:used":{"minecraft:oak_log":1,"minecraft:iron_axe":2,"minecraft:iron_pickaxe":114,"minecraft:iron_sword":16,"tombstone:grave_key":1,"minecraft:mutton":1,"minecraft:dirt":38,"minecraft:cobblestone":9,"minecraft:cooked_beef":1},"minecraft:picked_up":{"minecraft:crafting_table":1,"minecraft:raw_iron":37,"minecraft:cooked_beef":2,"minecraft:oak_log":6,"tombstone:grave_key":1,"minecraft:diorite":2,"minecraft:string":2,"minecraft:dark_oak_log":2,"minecraft:dirt":38,"alexsmobs:animal_dictionary":1,"minecraft:wheat_seeds":3,"minecraft:iron_ingot":24,"minecraft:granite":6,"minecraft:bread":3,"unusualprehistory:plant_fossil_item":11,"minecraft:iron_pickaxe":1,"minecraft:minecart":1,"minecraft:mutton":1,"minecraft:coal":9,"unusualprehistory:mezo_fossil":5,"minecraft:white_wool":1,"minecraft:cobblestone":36,"minecraft:sunflower":2},"minecraft:mined":{"minecraft:iron_ore":39,"unusualprehistory:stone_fossil":7,"minecraft:dark_oak_log":2,"minecraft:granite":1,"minecraft:grass":7,"minecraft:coal_ore":9,"minecraft:grass_block":5,"minecraft:oak_log":4,"unusualprehistory:plant_fossil":11,"minecraft:sunflower":1,"minecraft:sand":1,"minecraft:dirt":13,"minecraft:cobblestone":2,"minecraft:stone_bricks":2,"minecraft:stone":31},"minecraft:custom":{"minecraft:time_since_rest":6727,"minecraft:sprint_one_cm":55111,"minecraft:damage_taken":1907,"minecraft:walk_one_cm":42040,"minecraft:mob_kills":4,"minecraft:drop":7,"minecraft:damage_dealt":699,"minecraft:swim_one_cm":4758,"minecraft:fly_one_cm":108521,"minecraft:interact_with_crafting_table":6,"minecraft:player_kills":1,"minecraft:open_chest":3,"minecraft:crouch_one_cm":646,"minecraft:play_time":39614,"minecraft:deaths":6,"minecraft:sneak_time":348,"minecraft:walk_under_water_one_cm":5044,"minecraft:jump":564,"minecraft:leave_game":1,"minecraft:walk_on_water_one_cm":4397,"minecraft:time_since_death":7649,"minecraft:climb_one_cm":354,"minecraft:total_world_time":39614,"minecraft:fall_one_cm":22663},"minecraft:dropped":{"alexsmobs:animal_dictionary":2,"tombstone:grave_key":1,"minecraft:minecart":1,"tombstone:gift":1,"minecraft:sunflower":1,"minecraft:iron_pickaxe":1}},"DataVersion":3465}