{"stats":{"minecraft:crafted":{"minecraft:spyglass":1,"ageofweapons:tiny_diamond_blank":3,"minecraft:furnace":1,"minecraft:diamond_leggings":1,"minecraft:iron_boots":1,"minecraft:iron_hoe":1,"minecraft:stone_pickaxe":1,"medieval_craft_weapons:mighty_stick":1,"minecraft:cooked_beef":8,"minecraft:diamond_sword":1,"sophisticatedbackpacks:backpack":1,"minecraft:crafting_table":2,"minecraft:spruce_planks":255,"minecraft:jungle_boat":1,"minecraft:wooden_pickaxe":1,"minecraft:iron_helmet":1,"minecraft:smithing_table":1,"minecraft:birch_planks":28,"minecraft:stone_axe":2,"minecraft:air":0,"minecraft:jungle_planks":104,"minecraft:iron_chestplate":1,"minecraft:diamond_pickaxe":1,"minecraft:shield":3,"ageofweapons:hammer":1,"minecraft:stick":32,"ageofweapons:medium_diamond_blank":1,"minecraft:iron_ingot":18,"minecraft:iron_pickaxe":1,"minecraft:iron_leggings":1,"minecraft:diamond_chestplate":1},"minecraft:killed_by":{"minecraft:player":1,"medieval_craft_weapons:heavyknight":1,"alexsmobs:murmur_head":1,"medieval_craft_weapons:archer":1,"minecraft:zombie":1,"medieval_craft_weapons:knight":5,"medieval_craft_weapons:soldier":2},"minecraft:killed":{"minecraft:cave_spider":3,"minecraft:spider":8,"medieval_craft_weapons:archer":3,"alexsmobs:murmur":1,"medieval_craft_weapons:knight":9,"minecraft:skeleton":8,"medieval_craft_weapons:soldier":16,"minecraft:chicken":3,"minecraft:creeper":1,"minecraft:sheep":6,"minecraft:zombie":15,"alexsmobs:gazelle":2,"minecraft:cow":13,"medieval_craft_weapons:heavyknight":4},"minecraft:used":{"minecraft:spruce_planks":232,"minecraft:shield":35,"minecraft:cooked_chicken":3,"minecraft:rotten_flesh":1,"minecraft:iron_chestplate":1,"minecraft:spyglass":29,"minecraft:jungle_planks":71,"minecraft:spruce_stairs":3,"minecraft:granite":1,"minecraft:obsidian":1,"minecraft:iron_hoe":250,"minecraft:iron_helmet":1,"minecraft:stone_brick_stairs":2,"minecraft:stone_bricks":8,"minecraft:bow":118,"minecraft:golden_carrot":3,"medieval_craft_weapons:mace":4,"minecraft:furnace":2,"tombstone:gift":7,"medieval_craft_weapons:spear_1":115,"minecraft:cooked_beef":24,"minecraft:cobbled_deepslate":35,"medieval_craft_weapons:spear_2":29,"tombstone:scroll_of_mercy":1,"minecraft:birch_planks":16,"minecraft:stone_pickaxe":51,"minecraft:baked_potato":30,"minecraft:wooden_pickaxe":6,"minecraft:jungle_boat":9,"minecraft:golden_apple":1,"minecraft:crafting_table":12,"minecraft:diamond_pickaxe":219,"minecraft:melon_slice":4,"minecraft:iron_pickaxe":108,"tombstone:grave_key":1,"minecraft:stone_axe":139,"minecraft:diamond_sword":143,"minecraft:potion":1,"minecraft:cobblestone":31,"minecraft:smithing_table":1,"alexsmobs:animal_dictionary":1,"minecraft:diamond_leggings":1},"minecraft:broken":{"medieval_craft_weapons:spear_2":1,"medieval_craft_weapons:plate_boots":1,"minecraft:leather_boots":1,"minecraft:iron_helmet":1,"minecraft:iron_hoe":1},"minecraft:picked_up":{"minecraft:cocoa_beans":5,"minecraft:crafting_table":11,"minecraft:ladder":2,"unusualprehistory:amber_shard":3,"minecraft:chicken":1,"minecraft:clay_ball":4,"minecraft:enchanted_book":1,"medieval_craft_weapons:plate_boots":1,"minecraft:stone_brick_stairs":2,"minecraft:amethyst_block":8,"unusualprehistory:opal_chunk":7,"minecraft:string":28,"minecraft:raw_copper":117,"minecraft:smooth_stone_slab":2,"unusualprehistory:paleo_fossil":1,"minecraft:cobbled_deepslate":39,"minecraft:spruce_planks":3,"minecraft:beef":28,"minecraft:calcite":6,"unusualprehistory:plant_fossil_item":8,"minecraft:jungle_sapling":3,"minecraft:melon_slice":35,"minecraft:sugar_cane":3,"minecraft:chest":1,"minecraft:iron_boots":1,"minecraft:furnace":1,"unusualprehistory:tar_fossil_item":14,"minecraft:raw_iron":26,"minecraft:torch":9,"medieval_craft_weapons:titanite_nugget_1":1,"minecraft:spruce_stairs":6,"sophisticatedbackpacks:backpack":2,"medieval_craft_weapons:spear_1":1,"tombstone:grave_dust":1,"minecraft:redstone":250,"minecraft:arrow":72,"minecraft:rotten_flesh":2,"alexscaves:spelunkery_table":1,"unusualprehistory:opal_fossil":2,"minecraft:mutton":7,"minecraft:iron_bars":4,"minecraft:white_wool":6,"minecraft:cobblestone":46,"biomesoplenty:lavender":1,"minecraft:birch_log":7,"minecraft:jungle_boat":8,"minecraft:feather":2,"minecraft:jungle_log":26,"minecraft:leather":13,"biomesoplenty:glowshroom":1,"minecraft:birch_planks":1,"minecraft:tuff":2,"minecraft:lapis_lazuli":9,"minecraft:dirt":4,"tombstone:gift":1,"minecraft:white_banner":1,"biomesoplenty:glowing_moss_carpet":1,"minecraft:leather_boots":2,"minecraft:stone_bricks":10,"minecraft:kelp":2,"medieval_craft_weapons:greathelmet_helmet":1,"minecraft:bow":1,"minecraft:wheat_seeds":1,"minecraft:raw_gold":6,"minecraft:iron_ingot":11,"minecraft:mossy_stone_bricks":2,"minecraft:diamond_helmet":1,"minecraft:smooth_basalt":4,"minecraft:red_banner":1,"minecraft:gravel":2,"minecraft:jungle_planks":11,"minecraft:amethyst_shard":5,"minecraft:blast_furnace":1,"minecraft:spruce_log":70,"minecraft:leather_helmet":1,"minecraft:spider_eye":2,"alexsmobs:animal_dictionary":2,"tombstone:scroll_of_mercy":1,"minecraft:diamond":29,"waystones:waystone":1,"minecraft:granite":1,"minecraft:chainmail_helmet":1,"minecraft:coal":39,"unusualprehistory:mezo_fossil":13},"minecraft:mined":{"alexscaves:spelunkery_table":1,"minecraft:large_amethyst_bud":1,"minecraft:spruce_planks":1,"minecraft:tuff":5,"biomesoplenty:glowshroom":1,"minecraft:deepslate_diamond_ore":18,"minecraft:sculk_vein":18,"unusualprehistory:stone_amber_ore":4,"minecraft:cave_vines_plant":1,"minecraft:granite":1,"minecraft:ladder":2,"biomesoplenty:bush":1,"minecraft:grass_block":1,"unusualprehistory:deepslate_opal_ore":10,"unusualprehistory:deepslate_fossil":1,"unusualprehistory:plant_fossil":2,"minecraft:jungle_log":28,"minecraft:moss_block":10,"biomesoplenty:dune_grass":1,"minecraft:spawner":2,"minecraft:redstone_ore":4,"minecraft:furnace":1,"minecraft:iron_ore":15,"biomesoplenty:lavender":1,"minecraft:deepslate_lapis_ore":1,"biomesoplenty:sea_oats":3,"minecraft:cave_vines":1,"minecraft:vine":1,"minecraft:deepslate_iron_ore":4,"minecraft:iron_bars":1,"minecraft:azalea":1,"minecraft:stone":51,"sophisticatedbackpacks:backpack":1,"minecraft:spruce_slab":1,"minecraft:deepslate_redstone_ore":57,"unusualprehistory:deepslate_plant_fossil":3,"minecraft:glass_pane":1,"biomesoplenty:glowing_moss_carpet":1,"biomesoplenty:glowworm_silk":1,"minecraft:amethyst_cluster":1,"minecraft:clay":2,"minecraft:crafting_table":10,"minecraft:blast_furnace":1,"minecraft:calcite":13,"minecraft:chest":1,"minecraft:sculk_sensor":1,"minecraft:cobblestone":1,"minecraft:tall_grass":6,"minecraft:copper_ore":13,"minecraft:deepslate_gold_ore":6,"minecraft:sugar_cane":1,"minecraft:sculk":233,"minecraft:diorite":1,"minecraft:big_dripleaf":1,"minecraft:wall_torch":5,"minecraft:amethyst_block":11,"minecraft:deepslate_copper_ore":22,"minecraft:spruce_stairs":4,"minecraft:birch_planks":1,"biomesoplenty:glowworm_silk_strand":1,"minecraft:birch_log":7,"minecraft:red_wall_banner":1,"unusualprehistory:stone_fossil":13,"minecraft:stone_brick_stairs":2,"minecraft:white_wall_banner":1,"minecraft:smooth_stone_slab":4,"minecraft:grass":18,"biomesoplenty:clover":5,"minecraft:coal_ore":21,"minecraft:dirt":5,"minecraft:cobweb":12,"minecraft:smooth_basalt":4,"minecraft:cracked_stone_bricks":1,"minecraft:stone_bricks":17,"minecraft:mossy_stone_bricks":2,"minecraft:oak_leaves":1,"minecraft:deepslate":34,"minecraft:fern":1},"minecraft:custom":{"minecraft:interact_with_smithing_table":3,"minecraft:mob_kills":96,"minecraft:open_barrel":4,"minecraft:interact_with_crafting_table":28,"minecraft:eat_cake_slice":1,"minecraft:leave_game":1,"minecraft:time_since_death":50448,"minecraft:climb_one_cm":14952,"minecraft:sprint_one_cm":425966,"minecraft:walk_one_cm":362826,"minecraft:damage_blocked_by_shield":2864,"minecraft:drop":107,"minecraft:damage_dealt_absorbed":200,"minecraft:play_time":160981,"minecraft:deaths":12,"minecraft:sneak_time":8872,"minecraft:walk_under_water_one_cm":18842,"minecraft:jump":3978,"minecraft:interact_with_blast_furnace":1,"minecraft:walk_on_water_one_cm":36234,"minecraft:total_world_time":160981,"minecraft:interact_with_furnace":20,"minecraft:interact_with_loom":1,"minecraft:time_since_rest":50231,"minecraft:damage_taken":7239,"minecraft:damage_absorbed":40,"minecraft:damage_dealt":13895,"tombstone:cast_on_ally":1,"minecraft:fly_one_cm":704906,"minecraft:swim_one_cm":51064,"minecraft:open_chest":48,"minecraft:crouch_one_cm":24731,"tombstone:undead_killed":24,"minecraft:fall_one_cm":117935},"minecraft:dropped":{"minecraft:iron_ingot":14,"minecraft:bread":30,"minecraft:birch_planks":13,"minecraft:wheat_seeds":1,"medieval_craft_weapons:mace":2,"minecraft:lapis_lazuli":9,"minecraft:baked_potato":30,"minecraft:glass_bottle":1,"minecraft:diamond":18,"minecraft:feather":2,"biomesoplenty:lavender":1,"minecraft:leather":1,"unusualprehistory:tar_fossil_item":14,"minecraft:amethyst_block":8,"minecraft:red_wool":1,"minecraft:spruce_stairs":3,"minecraft:chainmail_helmet":2,"medieval_craft_weapons:bullet":28,"minecraft:leather_helmet":2,"minecraft:stick":2,"minecraft:dirt":4,"minecraft:torch":10,"minecraft:mutton":7,"tombstone:grave_dust":2,"minecraft:amethyst_shard":1,"minecraft:iron_leggings":1,"minecraft:white_banner":1,"minecraft:jungle_sapling":3,"medieval_craft_weapons:greathelmet_helmet":1,"minecraft:gold_nugget":12,"biomesoplenty:glowshroom":1,"unusualprehistory:opal_fossil":1,"minecraft:string":3,"unusualprehistory:plant_fossil_item":8,"minecraft:smooth_basalt":2,"minecraft:stone_axe":2,"minecraft:kelp":2,"minecraft:cooked_chicken":25,"alexsmobs:animal_dictionary":1,"minecraft:cobbled_deepslate":4,"minecraft:raw_copper":5,"minecraft:cocoa_beans":5,"minecraft:tuff":2,"minecraft:chicken":1,"minecraft:clay_ball":4,"minecraft:iron_boots":2,"sophisticatedbackpacks:backpack":1,"biomesoplenty:glowing_moss_carpet":1,"alexsmobs:elastic_tendon":2,"minecraft:shield":2,"medieval_craft_weapons:mighty_stick":1,"minecraft:iron_chestplate":1,"minecraft:mossy_stone_bricks":1,"minecraft:ladder":2,"minecraft:spider_eye":2,"minecraft:stone_bricks":2,"medieval_craft_weapons:titanite_nugget_1":2,"minecraft:iron_bars":4,"minecraft:arrow":69,"minecraft:stone_pickaxe":1,"minecraft:wooden_pickaxe":1,"minecraft:beef":12,"minecraft:calcite":6,"medieval_craft_weapons:spear_1":1}},"DataVersion":3465}