{"stats":{"minecraft:custom":{"minecraft:interact_with_furnace":19,"minecraft:mob_kills":19,"minecraft:interact_with_crafting_table":8,"minecraft:time_since_death":27000,"minecraft:climb_one_cm":321,"minecraft:time_since_rest":27000,"minecraft:sprint_one_cm":67412,"minecraft:damage_taken":522,"minecraft:walk_one_cm":60043,"minecraft:drop":6,"minecraft:damage_dealt":2272,"minecraft:swim_one_cm":12337,"minecraft:fly_one_cm":146321,"minecraft:crouch_one_cm":2615,"minecraft:play_time":27000,"tombstone:undead_killed":2,"minecraft:sneak_time":828,"minecraft:walk_under_water_one_cm":6713,"minecraft:jump":811,"minecraft:walk_on_water_one_cm":9814,"minecraft:total_world_time":27000,"minecraft:fall_one_cm":23567},"minecraft:picked_up":{"biomesoplenty:lavender":1,"minecraft:birch_log":7,"minecraft:cocoa_beans":5,"minecraft:crafting_table":2,"minecraft:jungle_boat":2,"minecraft:feather":2,"minecraft:chicken":1,"minecraft:jungle_log":26,"minecraft:leather":8,"minecraft:string":4,"minecraft:raw_copper":5,"minecraft:wheat_seeds":1,"minecraft:cobbled_deepslate":1,"minecraft:beef":16,"unusualprehistory:plant_fossil_item":3,"minecraft:jungle_sapling":3,"minecraft:melon_slice":35,"minecraft:sugar_cane":3,"minecraft:furnace":1,"unusualprehistory:tar_fossil_item":14,"minecraft:raw_iron":26,"medieval_craft_weapons:titanite_nugget_1":1,"minecraft:jungle_planks":11,"minecraft:spider_eye":1,"alexsmobs:animal_dictionary":1,"minecraft:rotten_flesh":1,"minecraft:coal":39,"minecraft:mutton":7,"minecraft:white_wool":6,"minecraft:cobblestone":25},"minecraft:crafted":{"minecraft:cooked_beef":8,"minecraft:crafting_table":1,"minecraft:jungle_boat":1,"minecraft:wooden_pickaxe":1,"minecraft:furnace":1,"minecraft:stone_axe":1,"minecraft:air":0,"minecraft:jungle_planks":104,"minecraft:iron_chestplate":1,"minecraft:shield":2,"minecraft:stick":8,"minecraft:iron_ingot":18,"minecraft:iron_pickaxe":1,"minecraft:stone_pickaxe":1},"minecraft:mined":{"minecraft:crafting_table":2,"biomesoplenty:bush":1,"minecraft:jungle_log":28,"minecraft:copper_ore":1,"minecraft:sugar_cane":1,"minecraft:furnace":1,"minecraft:birch_log":7,"minecraft:iron_ore":15,"biomesoplenty:lavender":1,"biomesoplenty:clover":4,"minecraft:grass":4,"minecraft:coal_ore":21,"minecraft:deepslate_iron_ore":4,"minecraft:vine":1,"minecraft:stone":25,"minecraft:deepslate":1,"minecraft:fern":1},"minecraft:used":{"minecraft:stone_pickaxe":51,"minecraft:wooden_pickaxe":6,"minecraft:rotten_flesh":1,"minecraft:jungle_boat":2,"minecraft:iron_chestplate":1,"minecraft:crafting_table":3,"minecraft:jungle_planks":21,"minecraft:iron_pickaxe":12,"minecraft:stone_axe":69,"minecraft:cobblestone":3,"minecraft:furnace":2,"alexsmobs:animal_dictionary":1,"minecraft:cooked_beef":8,"minecraft:cobbled_deepslate":1},"minecraft:killed":{"minecraft:spider":2,"minecraft:sheep":6,"minecraft:zombie":2,"minecraft:chicken":2,"minecraft:cow":7},"minecraft:dropped":{"minecraft:wheat_seeds":1,"minecraft:cocoa_beans":5,"unusualprehistory:tar_fossil_item":14,"minecraft:shield":1,"minecraft:jungle_sapling":3}},"DataVersion":3465}