{"stats":{"minecraft:crafted":{"minecraft:grindstone":1,"minecraft:smooth_stone":8,"minecraft:oak_planks":296,"minecraft:purple_bed":1,"minecraft:chain":10,"ageofweapons:tiny_diamond_blank":3,"minecraft:stone":32,"minecraft:diamond_shovel":1,"minecraft:bookshelf":21,"minecraft:glass":240,"minecraft:diamond_helmet":1,"minecraft:diamond_leggings":1,"minecraft:iron_boots":1,"biomesoplenty:hellbark_planks":24,"minecraft:chest":13,"minecraft:oak_button":1,"biomesoplenty:jacaranda_trapdoor":4,"biomesoplenty:jacaranda_stairs":92,"unusualprehistory:opalescent_shuriken":2,"minecraft:smoker":2,"sophisticatedbackpacks:backpack":1,"biomesoplenty:jacaranda_planks":1417,"minecraft:diamond_axe":1,"minecraft:crafting_table":5,"minecraft:spruce_planks":303,"minecraft:jungle_boat":1,"minecraft:wooden_pickaxe":1,"minecraft:iron_helmet":1,"minecraft:smithing_table":1,"minecraft:birch_planks":28,"biomesoplenty:jacaranda_slab":768,"biomesoplenty:jacaranda_fence":48,"minecraft:iron_chestplate":1,"minecraft:diamond_pickaxe":2,"minecraft:charcoal":27,"minecraft:shield":4,"sophisticatedbackpacks:diamond_backpack":1,"minecraft:stick":92,"minecraft:iron_pickaxe":1,"minecraft:iron_ingot":18,"minecraft:shears":3,"minecraft:smooth_stone_slab":6,"minecraft:iron_nugget":126,"minecraft:spyglass":1,"minecraft:furnace":6,"minecraft:blast_furnace":1,"minecraft:bone_meal":18,"minecraft:flint_and_steel":1,"minecraft:lantern":12,"minecraft:diamond":45,"medieval_craft_weapons:spear_2":2,"minecraft:iron_hoe":1,"minecraft:stone_pickaxe":1,"medieval_craft_weapons:mighty_stick":2,"minecraft:dark_oak_planks":4,"sophisticatedbackpacks:iron_backpack":1,"minecraft:cooked_beef":8,"minecraft:diamond_sword":1,"minecraft:purple_stained_glass":152,"minecraft:enchanting_table":1,"sophisticatedbackpacks:gold_backpack":1,"minecraft:stone_axe":2,"minecraft:air":0,"minecraft:jungle_planks":104,"medieval_craft_weapons:sword_1":1,"ageofweapons:hammer":1,"ageofweapons:medium_diamond_blank":1,"minecraft:iron_leggings":1,"minecraft:white_bed":1,"minecraft:torch":52,"minecraft:diamond_chestplate":3},"minecraft:killed_by":{"minecraft:piglin_brute":1,"minecraft:creeper":1,"medieval_craft_weapons:heavyknight":2,"alexsmobs:murmur_head":1,"medieval_craft_weapons:archer":4,"alexsmobs:soul_vulture":1,"minecraft:zombie":2,"medieval_craft_weapons:knight":6,"medieval_craft_weapons:soldier":3,"minecraft:player":3,"alexsmobs:centipede_head":2},"minecraft:killed":{"minecraft:cave_spider":5,"minecraft:zombified_piglin":1,"minecraft:spider":11,"alexsmobs:murmur":1,"medieval_craft_weapons:knight":15,"minecraft:skeleton":25,"medieval_craft_weapons:soldier":42,"minecraft:chicken":4,"alexsmobs:centipede_head":1,"minecraft:piglin_brute":2,"minecraft:piglin":8,"minecraft:creeper":6,"minecraft:sheep":7,"minecraft:zombie":44,"minecraft:cow":14,"medieval_craft_weapons:heavyknight":7,"alexsmobs:dropbear":2,"medieval_craft_weapons:archer":8,"alexsmobs:soul_vulture":1,"alexsmobs:crocodile":2,"alexsmobs:gazelle":2,"alexsmobs:crow":1},"minecraft:used":{"minecraft:chest":15,"minecraft:shield":70,"minecraft:stone":44,"minecraft:grass":8,"minecraft:rotten_flesh":1,"minecraft:iron_chestplate":1,"minecraft:jungle_planks":71,"minecraft:tuff":1,"minecraft:obsidian":15,"minecraft:glass":2,"minecraft:lantern":18,"minecraft:iron_helmet":1,"minecraft:stone_brick_stairs":2,"minecraft:stone_bricks":8,"biomesoplenty:jacaranda_sapling":7,"minecraft:bow":187,"medieval_craft_weapons:mace":4,"minecraft:furnace":11,"biomesoplenty:jacaranda_fence":8,"medieval_craft_weapons:spear_2":29,"minecraft:stone_pickaxe":51,"minecraft:oak_planks":157,"minecraft:wooden_pickaxe":6,"biomesoplenty:lavender":1,"minecraft:sugar_cane":2,"minecraft:diamond_axe":1081,"minecraft:jungle_boat":9,"minecraft:golden_apple":1,"minecraft:blast_furnace":3,"minecraft:shears":393,"biomesoplenty:jacaranda_planks":614,"waystones:waystone":6,"minecraft:bread":10,"minecraft:melon_slice":4,"tombstone:grave_key":1,"medieval_craft_weapons:greatsword":236,"medieval_craft_weapons:pole_axe":43,"minecraft:diamond_sword":328,"unusualprehistory:encyclopedia":12,"minecraft:grindstone":3,"minecraft:smithing_table":1,"minecraft:chain":4,"biomesoplenty:jacaranda_leaves":297,"minecraft:bone_meal":18,"minecraft:enchanting_table":1,"minecraft:flint_and_steel":4,"minecraft:armor_stand":1,"minecraft:spruce_planks":288,"minecraft:cooked_chicken":3,"minecraft:netherrack":132,"minecraft:torch":59,"minecraft:dirt":335,"minecraft:spyglass":48,"minecraft:spruce_stairs":3,"biomesoplenty:jacaranda_slab":971,"minecraft:granite":1,"minecraft:shroomlight":7,"minecraft:iron_hoe":250,"minecraft:dark_oak_planks":4,"minecraft:bookshelf":21,"unusualprehistory:opalescent_shuriken":2,"biomesoplenty:jacaranda_log":44,"biomesoplenty:jacaranda_stairs":120,"unusualprehistory:raptor_eggs":1,"minecraft:golden_carrot":3,"minecraft:soul_soil":38,"tombstone:gift":10,"medieval_craft_weapons:spear_1":115,"minecraft:cooked_beef":105,"minecraft:cobbled_deepslate":40,"biomesoplenty:burning_blossom":1,"tombstone:scroll_of_mercy":1,"minecraft:birch_planks":16,"minecraft:baked_potato":30,"minecraft:crafting_table":20,"minecraft:red_bed":1,"minecraft:white_bed":1,"biomesoplenty:hellbark_planks":22,"minecraft:smoker":3,"minecraft:purple_stained_glass":127,"minecraft:oak_log":13,"biomesoplenty:jacaranda_trapdoor":6,"minecraft:diamond_pickaxe":3171,"minecraft:diamond_shovel":521,"minecraft:oak_button":5,"minecraft:iron_pickaxe":108,"minecraft:stone_axe":139,"minecraft:cobblestone":369,"minecraft:potion":2,"minecraft:purple_bed":1,"alexsmobs:animal_dictionary":1,"minecraft:diamond_leggings":1},"minecraft:broken":{"minecraft:diamond_helmet":1,"medieval_craft_weapons:spear_2":1,"medieval_craft_weapons:plate_boots":1,"minecraft:diamond_pickaxe":1,"minecraft:iron_hoe":1,"minecraft:diamond_leggings":1,"minecraft:leather_boots":1,"minecraft:iron_helmet":1},"minecraft:picked_up":{"minecraft:wheat":2,"biomesoplenty:burning_blossom":2,"unusualprehistory:amber_shard":9,"unusualprehistory:antarcto_flask":5,"minecraft:enchanted_book":2,"biomesoplenty:hellbark_planks":3,"minecraft:stone_brick_stairs":2,"minecraft:amethyst_block":8,"medieval_craft_weapons:pole_axe":1,"minecraft:raw_copper":119,"alexsmobs:gazelle_horn":1,"minecraft:string":35,"minecraft:soul_soil":38,"minecraft:smooth_stone_slab":3,"minecraft:armor_stand":1,"biomesoplenty:tall_lavender":2,"minecraft:shroomlight":7,"alexsmobs:dropbear_claw":3,"minecraft:cobbled_deepslate":46,"minecraft:spruce_planks":22,"unusualprehistory:barin_flask":60,"unusualprehistory:plant_fossil_item":8,"minecraft:calcite":6,"minecraft:azalea":1,"minecraft:melon_slice":35,"minecraft:iron_boots":1,"minecraft:furnace":8,"minecraft:stick":77,"minecraft:oak_fence":3,"unusualprehistory:raptor_eggs":1,"minecraft:torch":24,"minecraft:spruce_stairs":7,"medieval_craft_weapons:spear_1":1,"tombstone:grave_dust":3,"medieval_craft_weapons:spear_2":3,"alexsmobs:centipede_leg":2,"minecraft:rotten_flesh":17,"biomesoplenty:rose_quartz_chunk":3,"minecraft:obsidian":20,"minecraft:iron_bars":4,"minecraft:cobblestone":1725,"biomesoplenty:lavender":7,"minecraft:birch_log":7,"minecraft:cooked_beef":22,"minecraft:feather":2,"minecraft:lilac":1,"minecraft:andesite":1,"minecraft:jungle_log":26,"biomesoplenty:glowshroom":1,"minecraft:smoker":1,"minecraft:flint":1,"minecraft:tuff":3,"minecraft:purple_stained_glass":4,"minecraft:lapis_lazuli":9,"minecraft:dirt":786,"minecraft:lantern":6,"minecraft:name_tag":1,"minecraft:leather_boots":2,"minecraft:glass":82,"minecraft:bone":21,"minecraft:bow":2,"minecraft:wheat_seeds":48,"minecraft:raw_gold":6,"unusualprehistory:flask":60,"minecraft:grindstone":2,"minecraft:mossy_stone_bricks":3,"minecraft:diamond_helmet":1,"minecraft:bamboo":14,"minecraft:moss_block":55,"minecraft:oak_planks":6,"medieval_craft_weapons:sword_1":2,"medieval_craft_weapons:soldiera_chestplate":1,"minecraft:jungle_planks":11,"minecraft:sand":4,"minecraft:diamond_block":6,"alexsmobs:animal_dictionary":2,"biomesoplenty:hellbark_log":116,"tombstone:scroll_of_mercy":1,"minecraft:polished_andesite":1,"minecraft:diamond":44,"minecraft:soul_lantern":1,"waystones:waystone":6,"minecraft:cracked_polished_blackstone_bricks":1,"minecraft:granite":1,"minecraft:grass":9,"minecraft:chainmail_helmet":1,"minecraft:bread":10,"minecraft:oak_sapling":1,"minecraft:netherrack":134,"sophisticatedbackpacks:gold_backpack":1,"minecraft:cocoa_beans":5,"minecraft:crafting_table":15,"minecraft:chicken":2,"minecraft:ladder":2,"minecraft:clay_ball":4,"unusualprehistory:kentro_flask":1,"medieval_craft_weapons:plate_boots":1,"minecraft:gold_block":16,"biomesoplenty:jacaranda_sapling":128,"biomesoplenty:jacaranda_fence_gate":1,"minecraft:chain":2,"minecraft:shield":2,"minecraft:moss_carpet":7,"alexscaves:cave_codex":1,"unusualprehistory:opal_chunk":7,"biomesoplenty:jacaranda_fence":5,"minecraft:red_bed":1,"biomesoplenty:hellbark_sapling":13,"biomesoplenty:jacaranda_slab":274,"unusualprehistory:paleo_fossil":20,"minecraft:beef":28,"minecraft:jungle_sapling":3,"alexsmobs:soul_heart":1,"minecraft:sugar_cane":5,"minecraft:chest":3,"minecraft:egg":1,"unusualprehistory:tar_fossil_item":14,"minecraft:raw_iron":26,"minecraft:stone":35,"medieval_craft_weapons:titanite_nugget_1":4,"sophisticatedbackpacks:backpack":2,"minecraft:redstone":258,"medieval_craft_weapons:soldiera_boots":1,"alexsmobs:crocodile_scute":3,"minecraft:dark_oak_planks":4,"minecraft:diamond_chestplate":1,"biomesoplenty:jacaranda_trapdoor":9,"minecraft:arrow":89,"biomesoplenty:jacaranda_log":465,"unusualprehistory:raptor_flask":2,"biomesoplenty:jacaranda_stairs":56,"minecraft:shears":1,"alexscaves:spelunkery_table":1,"unusualprehistory:opal_fossil":2,"minecraft:glow_berries":1,"minecraft:mutton":7,"minecraft:bone_block":29,"minecraft:white_wool":6,"minecraft:purple_dye":107,"minecraft:jungle_boat":8,"medieval_craft_weapons:soldiera_helmet":1,"minecraft:leather":13,"minecraft:birch_planks":1,"minecraft:oak_log":9,"biomesoplenty:jacaranda_planks":329,"minecraft:gunpowder":2,"minecraft:white_banner":1,"tombstone:gift":2,"biomesoplenty:glowing_moss_carpet":1,"minecraft:stone_bricks":16,"medieval_craft_weapons:greathelmet_helmet":1,"minecraft:kelp":2,"minecraft:iron_ingot":12,"minecraft:soul_sand":4,"minecraft:book":66,"minecraft:smooth_basalt":4,"medieval_craft_weapons:plate_leggings":1,"minecraft:gravel":7,"minecraft:amethyst_shard":5,"minecraft:spruce_sapling":2,"minecraft:red_banner":1,"minecraft:blast_furnace":2,"minecraft:white_bed":1,"minecraft:spruce_log":70,"biomesoplenty:jacaranda_leaves":324,"biomesoplenty:glowing_moss_block":1,"minecraft:spider_eye":2,"minecraft:leather_helmet":1,"biomesoplenty:bramble":12,"minecraft:diamond_axe":1,"medieval_craft_weapons:soldiera_leggings":1,"unusualprehistory:ulugh_flask":2,"minecraft:oak_button":5,"minecraft:baked_potato":1,"minecraft:coal":80,"unusualprehistory:encyclopedia":3,"unusualprehistory:mezo_fossil":30,"minecraft:ender_pearl":1},"minecraft:mined":{"minecraft:dark_oak_planks":4,"minecraft:large_amethyst_bud":1,"biomesoplenty:glowshroom":1,"minecraft:spruce_planks":21,"minecraft:white_bed":1,"minecraft:sculk_vein":18,"biomesoplenty:flowering_oak_leaves":1,"unusualprehistory:stone_amber_ore":12,"biomesoplenty:burning_blossom":2,"minecraft:cave_vines_plant":1,"minecraft:granite":1,"biomesoplenty:bramble":13,"unusualprehistory:deepslate_opal_ore":11,"minecraft:grass_block":97,"unusualprehistory:deepslate_fossil":20,"minecraft:cracked_polished_blackstone_bricks":1,"unusualprehistory:plant_fossil":2,"minecraft:jungle_log":28,"biomesoplenty:jacaranda_stairs":56,"minecraft:soul_soil":38,"minecraft:spawner":10,"diagonalfences:biomesoplenty/jacaranda_fence":5,"biomesoplenty:bramble_leaves":4,"minecraft:polished_blackstone_bricks":2,"minecraft:iron_ore":15,"minecraft:fire":12,"biomesoplenty:lavender":2,"minecraft:moss_carpet":1,"minecraft:deepslate_lapis_ore":1,"biomesoplenty:hellbark_log":132,"minecraft:cave_vines":2,"minecraft:iron_bars":1,"minecraft:azalea":2,"biomesoplenty:jacaranda_trapdoor":6,"minecraft:spruce_slab":2,"biomesoplenty:jacaranda_leaves":455,"minecraft:deepslate_redstone_ore":57,"minecraft:red_bed":2,"biomesoplenty:glowing_moss_carpet":1,"biomesoplenty:glowworm_silk":1,"biomesoplenty:jacaranda_planks":111,"minecraft:smoker":1,"biomesoplenty:jacaranda_slab":94,"minecraft:amethyst_cluster":1,"minecraft:soul_lantern":1,"minecraft:clay":2,"minecraft:torch":7,"minecraft:polished_andesite_stairs":1,"minecraft:blast_furnace":2,"minecraft:calcite":13,"minecraft:chest":2,"minecraft:glass":2,"minecraft:cobblestone":88,"minecraft:sugar_cane":2,"minecraft:grindstone":2,"minecraft:oak_planks":5,"minecraft:wall_torch":8,"minecraft:amethyst_block":11,"minecraft:deepslate_copper_ore":22,"minecraft:chain":2,"minecraft:repeater":1,"biomesoplenty:glowworm_silk_strand":1,"minecraft:birch_log":7,"minecraft:wheat":6,"minecraft:lilac":1,"unusualprehistory:stone_fossil":30,"minecraft:stone_brick_stairs":2,"minecraft:smooth_stone_slab":7,"minecraft:grass":66,"biomesoplenty:clover":5,"minecraft:oak_log":14,"minecraft:dirt":332,"minecraft:smooth_basalt":4,"minecraft:netherrack":148,"minecraft:oak_leaves":9,"minecraft:deepslate":42,"biomesoplenty:glowing_moss_block":1,"alexscaves:spelunkery_table":1,"minecraft:tuff":6,"minecraft:mossy_cobblestone":12,"minecraft:deepslate_diamond_ore":18,"minecraft:glow_lichen":1,"minecraft:ladder":2,"biomesoplenty:bush":1,"minecraft:redstone_wire":6,"minecraft:moss_block":78,"biomesoplenty:dune_grass":1,"biomesoplenty:jacaranda_log":559,"minecraft:redstone_ore":4,"minecraft:furnace":8,"minecraft:andesite":1,"minecraft:diamond_block":6,"biomesoplenty:flesh":8,"minecraft:gold_block":16,"biomesoplenty:sea_oats":3,"minecraft:bookshelf":2,"minecraft:deepslate_iron_ore":4,"minecraft:shroomlight":7,"minecraft:vine":1,"minecraft:lantern":6,"biomesoplenty:flesh_tendons_strand":1,"minecraft:bamboo":1,"minecraft:stone":2508,"minecraft:bone_block":30,"sophisticatedbackpacks:backpack":1,"biomesoplenty:jacaranda_fence_gate":1,"minecraft:flowering_azalea":1,"unusualprehistory:deepslate_plant_fossil":3,"minecraft:glass_pane":1,"minecraft:soul_sand":4,"minecraft:oak_fence":2,"minecraft:crafting_table":14,"minecraft:sculk_sensor":1,"minecraft:tall_grass":10,"minecraft:copper_ore":14,"biomesoplenty:huge_clover_petal":2,"biomesoplenty:sprout":5,"minecraft:deepslate_gold_ore":6,"minecraft:sculk":233,"minecraft:diorite":1,"minecraft:big_dripleaf":1,"minecraft:spruce_stairs":5,"minecraft:birch_planks":1,"minecraft:purple_stained_glass":11,"minecraft:white_wall_banner":1,"minecraft:red_wall_banner":1,"biomesoplenty:hellbark_planks":2,"minecraft:coal_ore":54,"minecraft:cobweb":16,"minecraft:cracked_stone_bricks":1,"minecraft:acacia_planks":5,"minecraft:stone_bricks":23,"minecraft:polished_andesite":1,"minecraft:mossy_stone_bricks":2,"minecraft:fern":9},"minecraft:custom":{"minecraft:open_barrel":6,"minecraft:interact_with_crafting_table":121,"minecraft:eat_cake_slice":1,"minecraft:leave_game":4,"minecraft:time_since_death":71335,"minecraft:sprint_one_cm":1394792,"minecraft:damage_blocked_by_shield":5727,"minecraft:drop":248,"minecraft:play_time":623551,"minecraft:deaths":28,"minecraft:jump":10692,"minecraft:walk_on_water_one_cm":64578,"minecraft:enchant_item":2,"minecraft:interact_with_furnace":98,"minecraft:interact_with_loom":1,"minecraft:sleep_in_bed":2,"minecraft:waystone_activated":6,"minecraft:damage_dealt":33318,"minecraft:player_kills":4,"minecraft:crouch_one_cm":267609,"tombstone:undead_killed":72,"minecraft:interact_with_smoker":1,"minecraft:horse_one_cm":7472,"minecraft:interact_with_smithing_table":3,"minecraft:interact_with_anvil":2,"minecraft:mob_kills":219,"minecraft:damage_dealt_resisted":1,"minecraft:climb_one_cm":35077,"minecraft:walk_one_cm":1681109,"minecraft:damage_dealt_absorbed":322,"minecraft:sneak_time":78117,"minecraft:walk_under_water_one_cm":39565,"minecraft:interact_with_blast_furnace":3,"minecraft:total_world_time":623551,"minecraft:interact_with_grindstone":1,"minecraft:time_since_rest":41401,"minecraft:damage_taken":18475,"minecraft:damage_absorbed":40,"tombstone:cast_on_ally":1,"minecraft:swim_one_cm":89231,"minecraft:fly_one_cm":1764711,"minecraft:open_chest":155,"minecraft:fall_one_cm":323592},"minecraft:dropped":{"minecraft:birch_planks":13,"minecraft:diamond_axe":1,"medieval_craft_weapons:mace":2,"minecraft:lapis_lazuli":9,"minecraft:baked_potato":31,"minecraft:glass_bottle":2,"minecraft:diamond":48,"unusualprehistory:mezo_fossil":20,"unusualprehistory:tar_fossil_item":14,"minecraft:red_wool":1,"minecraft:leather":1,"medieval_craft_weapons:soldiera_leggings":1,"biomesoplenty:rose_quartz_chunk":3,"minecraft:leather_helmet":2,"minecraft:dirt":29,"minecraft:grass":1,"medieval_craft_weapons:soldiera_helmet":1,"minecraft:mutton":7,"medieval_craft_weapons:soldiera_chestplate":1,"minecraft:jungle_sapling":3,"minecraft:amethyst_shard":1,"minecraft:gold_nugget":12,"minecraft:sand":2,"unusualprehistory:opal_fossil":1,"unusualprehistory:plant_fossil_item":8,"minecraft:bone":10,"minecraft:stone_axe":2,"minecraft:diamond_block":1,"minecraft:cooked_chicken":25,"alexsmobs:animal_dictionary":1,"minecraft:cobbled_deepslate":4,"alexscaves:cave_tablet":2,"minecraft:obsidian":6,"minecraft:rotten_flesh":4,"minecraft:oak_planks":2,"biomesoplenty:glowing_moss_carpet":1,"biomesoplenty:hellbark_planks":1,"alexsmobs:elastic_tendon":2,"minecraft:gunpowder":1,"unusualprehistory:flask":48,"minecraft:charcoal":16,"minecraft:ladder":2,"minecraft:iron_bars":4,"minecraft:arrow":77,"minecraft:beef":12,"biomesoplenty:jacaranda_stairs":18,"minecraft:netherrack":2,"minecraft:iron_ingot":14,"minecraft:bread":30,"medieval_craft_weapons:soldiera_boots":1,"biomesoplenty:jacaranda_sapling":69,"minecraft:wheat_seeds":18,"minecraft:lilac":1,"minecraft:feather":2,"biomesoplenty:lavender":1,"minecraft:oak_fence":1,"minecraft:book":3,"minecraft:cobblestone":1434,"minecraft:amethyst_block":8,"biomesoplenty:jacaranda_planks":135,"minecraft:spruce_stairs":3,"minecraft:chainmail_helmet":2,"minecraft:coal":31,"medieval_craft_weapons:bullet":28,"biomesoplenty:jacaranda_log":57,"minecraft:stick":2,"unusualprehistory:encyclopedia":2,"minecraft:torch":10,"unusualprehistory:antarcto_flask":4,"minecraft:iron_leggings":1,"tombstone:grave_dust":3,"biomesoplenty:jacaranda_trapdoor":7,"medieval_craft_weapons:greathelmet_helmet":1,"minecraft:white_banner":1,"biomesoplenty:glowshroom":1,"minecraft:smooth_stone":2,"minecraft:string":3,"minecraft:smooth_basalt":2,"minecraft:redstone":128,"alexsmobs:crocodile_scute":3,"minecraft:kelp":2,"minecraft:raw_copper":5,"minecraft:cocoa_beans":5,"minecraft:smooth_stone_slab":6,"minecraft:tuff":2,"minecraft:chicken":1,"unusualprehistory:raptor_flask":2,"minecraft:clay_ball":4,"minecraft:iron_boots":2,"sophisticatedbackpacks:backpack":1,"minecraft:shears":1,"minecraft:stone":22,"minecraft:shield":3,"minecraft:oak_button":1,"medieval_craft_weapons:mighty_stick":1,"unusualprehistory:barin_flask":48,"minecraft:iron_chestplate":1,"minecraft:mossy_stone_bricks":1,"minecraft:oak_sapling":1,"minecraft:stone_bricks":2,"minecraft:spider_eye":2,"medieval_craft_weapons:titanite_nugget_1":2,"minecraft:slime_ball":3,"minecraft:stone_pickaxe":1,"minecraft:wooden_pickaxe":1,"minecraft:calcite":6,"medieval_craft_weapons:pole_axe":1,"medieval_craft_weapons:spear_1":1}},"DataVersion":3465}