{"stats":{"minecraft:custom":{"minecraft:interact_with_smithing_table":3,"minecraft:mob_kills":52,"minecraft:interact_with_crafting_table":18,"minecraft:time_since_death":16007,"minecraft:climb_one_cm":10017,"minecraft:sprint_one_cm":188871,"minecraft:walk_one_cm":160915,"minecraft:damage_blocked_by_shield":1061,"minecraft:drop":54,"minecraft:play_time":75000,"minecraft:deaths":9,"minecraft:sneak_time":4632,"minecraft:walk_under_water_one_cm":9282,"minecraft:jump":1861,"minecraft:walk_on_water_one_cm":17093,"minecraft:total_world_time":75000,"minecraft:interact_with_furnace":20,"minecraft:time_since_rest":15915,"minecraft:damage_taken":4317,"minecraft:damage_absorbed":40,"minecraft:damage_dealt":7363,"minecraft:fly_one_cm":356965,"minecraft:swim_one_cm":25137,"minecraft:open_chest":28,"minecraft:crouch_one_cm":13492,"tombstone:undead_killed":2,"minecraft:fall_one_cm":52377},"minecraft:broken":{"medieval_craft_weapons:spear_2":1,"medieval_craft_weapons:plate_boots":1,"minecraft:leather_boots":1},"minecraft:picked_up":{"minecraft:cocoa_beans":5,"minecraft:crafting_table":7,"minecraft:ladder":2,"minecraft:chicken":1,"medieval_craft_weapons:plate_boots":1,"minecraft:stone_brick_stairs":2,"minecraft:string":7,"minecraft:raw_copper":5,"minecraft:cobbled_deepslate":1,"minecraft:spruce_planks":2,"minecraft:beef":19,"unusualprehistory:plant_fossil_item":3,"minecraft:jungle_sapling":3,"minecraft:melon_slice":35,"minecraft:sugar_cane":3,"minecraft:chest":1,"minecraft:iron_boots":1,"minecraft:furnace":1,"unusualprehistory:tar_fossil_item":14,"minecraft:raw_iron":26,"medieval_craft_weapons:titanite_nugget_1":1,"minecraft:torch":9,"minecraft:spruce_stairs":6,"medieval_craft_weapons:spear_1":1,"tombstone:grave_dust":1,"minecraft:rotten_flesh":1,"minecraft:mutton":7,"minecraft:iron_bars":2,"minecraft:white_wool":6,"minecraft:cobblestone":33,"biomesoplenty:lavender":1,"minecraft:birch_log":7,"minecraft:jungle_boat":3,"minecraft:feather":2,"minecraft:jungle_log":26,"minecraft:leather":9,"minecraft:birch_planks":1,"minecraft:dirt":3,"minecraft:white_banner":1,"minecraft:leather_boots":1,"minecraft:stone_bricks":6,"medieval_craft_weapons:greathelmet_helmet":1,"minecraft:bow":1,"minecraft:wheat_seeds":1,"minecraft:iron_ingot":11,"minecraft:jungle_planks":11,"minecraft:spruce_log":70,"minecraft:spider_eye":1,"alexsmobs:animal_dictionary":1,"minecraft:diamond":11,"minecraft:chainmail_helmet":1,"minecraft:coal":39},"minecraft:crafted":{"ageofweapons:tiny_diamond_blank":3,"minecraft:furnace":1,"minecraft:iron_boots":1,"minecraft:stone_pickaxe":1,"medieval_craft_weapons:mighty_stick":1,"minecraft:cooked_beef":8,"sophisticatedbackpacks:backpack":1,"minecraft:crafting_table":1,"minecraft:spruce_planks":231,"minecraft:jungle_boat":1,"minecraft:wooden_pickaxe":1,"minecraft:iron_helmet":1,"minecraft:smithing_table":1,"minecraft:birch_planks":28,"minecraft:stone_axe":2,"minecraft:air":0,"minecraft:jungle_planks":104,"minecraft:iron_chestplate":1,"minecraft:shield":2,"ageofweapons:hammer":1,"minecraft:stick":20,"minecraft:iron_pickaxe":1,"minecraft:iron_ingot":18,"ageofweapons:medium_diamond_blank":1,"minecraft:iron_leggings":1,"minecraft:diamond_chestplate":1},"minecraft:mined":{"minecraft:spruce_planks":1,"minecraft:ladder":2,"biomesoplenty:bush":1,"minecraft:jungle_log":28,"minecraft:furnace":1,"minecraft:iron_ore":15,"biomesoplenty:lavender":1,"minecraft:vine":1,"minecraft:deepslate_iron_ore":4,"minecraft:iron_bars":1,"minecraft:stone":38,"minecraft:glass_pane":1,"minecraft:crafting_table":6,"minecraft:chest":1,"minecraft:copper_ore":1,"minecraft:tall_grass":3,"minecraft:sugar_cane":1,"minecraft:wall_torch":5,"minecraft:spruce_stairs":4,"minecraft:birch_planks":1,"minecraft:birch_log":7,"minecraft:white_wall_banner":1,"minecraft:stone_brick_stairs":2,"minecraft:grass":15,"biomesoplenty:clover":5,"minecraft:coal_ore":21,"minecraft:dirt":5,"minecraft:stone_bricks":11,"minecraft:fern":1,"minecraft:deepslate":1},"minecraft:killed_by":{"medieval_craft_weapons:heavyknight":1,"medieval_craft_weapons:archer":1,"medieval_craft_weapons:knight":5,"medieval_craft_weapons:soldier":2},"minecraft:used":{"minecraft:spruce_planks":161,"minecraft:shield":12,"minecraft:cooked_chicken":3,"minecraft:rotten_flesh":1,"minecraft:iron_chestplate":1,"minecraft:jungle_planks":71,"minecraft:spruce_stairs":3,"minecraft:iron_helmet":1,"minecraft:stone_brick_stairs":2,"minecraft:stone_bricks":4,"minecraft:bow":29,"medieval_craft_weapons:mace":4,"minecraft:furnace":2,"tombstone:gift":3,"medieval_craft_weapons:spear_1":107,"minecraft:cooked_beef":8,"minecraft:cobbled_deepslate":1,"medieval_craft_weapons:spear_2":29,"minecraft:birch_planks":16,"minecraft:stone_pickaxe":51,"minecraft:baked_potato":16,"minecraft:wooden_pickaxe":6,"minecraft:jungle_boat":4,"minecraft:golden_apple":1,"minecraft:crafting_table":6,"minecraft:melon_slice":4,"minecraft:iron_pickaxe":42,"tombstone:grave_key":1,"minecraft:stone_axe":139,"minecraft:potion":1,"minecraft:cobblestone":6,"minecraft:smithing_table":1,"alexsmobs:animal_dictionary":1},"minecraft:killed":{"minecraft:spider":4,"medieval_craft_weapons:archer":3,"medieval_craft_weapons:knight":7,"medieval_craft_weapons:soldier":15,"minecraft:chicken":2,"minecraft:sheep":6,"minecraft:zombie":2,"minecraft:cow":9,"medieval_craft_weapons:heavyknight":3},"minecraft:dropped":{"minecraft:iron_ingot":14,"minecraft:bread":30,"minecraft:wheat_seeds":1,"medieval_craft_weapons:mace":2,"minecraft:baked_potato":30,"minecraft:glass_bottle":1,"minecraft:diamond":18,"minecraft:leather":1,"unusualprehistory:tar_fossil_item":14,"minecraft:spruce_stairs":3,"minecraft:chainmail_helmet":2,"minecraft:stick":1,"minecraft:torch":10,"tombstone:grave_dust":2,"minecraft:jungle_sapling":3,"minecraft:stone_axe":1,"minecraft:cooked_chicken":25,"minecraft:cocoa_beans":5,"minecraft:iron_boots":2,"minecraft:shield":2,"medieval_craft_weapons:mighty_stick":1,"minecraft:iron_chestplate":1,"minecraft:ladder":2}},"DataVersion":3465}