{"stats":{"minecraft:crafted":{"minecraft:oak_planks":224,"ageofweapons:tiny_diamond_blank":3,"minecraft:diamond_leggings":1,"minecraft:iron_boots":1,"sophisticatedbackpacks:backpack":1,"minecraft:crafting_table":3,"minecraft:spruce_planks":303,"minecraft:jungle_boat":1,"minecraft:wooden_pickaxe":1,"minecraft:iron_helmet":1,"minecraft:smithing_table":1,"minecraft:birch_planks":28,"minecraft:iron_chestplate":1,"minecraft:diamond_pickaxe":1,"minecraft:shield":3,"sophisticatedbackpacks:diamond_backpack":1,"minecraft:stick":32,"minecraft:iron_ingot":18,"minecraft:iron_pickaxe":1,"minecraft:spyglass":1,"minecraft:furnace":1,"medieval_craft_weapons:spear_2":2,"minecraft:iron_hoe":1,"minecraft:stone_pickaxe":1,"medieval_craft_weapons:mighty_stick":1,"sophisticatedbackpacks:iron_backpack":1,"minecraft:cooked_beef":8,"minecraft:diamond_sword":1,"sophisticatedbackpacks:gold_backpack":1,"minecraft:stone_axe":2,"minecraft:air":0,"minecraft:jungle_planks":104,"medieval_craft_weapons:sword_1":1,"ageofweapons:hammer":1,"ageofweapons:medium_diamond_blank":1,"minecraft:iron_leggings":1,"minecraft:diamond_chestplate":1},"minecraft:killed_by":{"medieval_craft_weapons:heavyknight":2,"alexsmobs:murmur_head":1,"medieval_craft_weapons:archer":2,"minecraft:zombie":1,"medieval_craft_weapons:knight":6,"medieval_craft_weapons:soldier":3,"minecraft:player":1},"minecraft:killed":{"minecraft:cave_spider":5,"minecraft:spider":8,"alexsmobs:murmur":1,"medieval_craft_weapons:knight":13,"minecraft:skeleton":9,"medieval_craft_weapons:soldier":33,"minecraft:chicken":3,"minecraft:creeper":1,"minecraft:sheep":6,"minecraft:zombie":16,"minecraft:cow":13,"medieval_craft_weapons:heavyknight":6,"medieval_craft_weapons:archer":4,"alexsmobs:crocodile":1,"alexsmobs:gazelle":2,"alexsmobs:crow":1},"minecraft:used":{"minecraft:shield":40,"minecraft:rotten_flesh":1,"minecraft:iron_chestplate":1,"minecraft:jungle_planks":71,"minecraft:obsidian":1,"minecraft:iron_helmet":1,"minecraft:stone_brick_stairs":2,"minecraft:stone_bricks":8,"minecraft:bow":128,"medieval_craft_weapons:mace":4,"minecraft:furnace":2,"medieval_craft_weapons:spear_2":29,"minecraft:stone_pickaxe":51,"minecraft:oak_planks":129,"minecraft:wooden_pickaxe":6,"minecraft:jungle_boat":9,"minecraft:golden_apple":1,"minecraft:bread":1,"minecraft:melon_slice":4,"tombstone:grave_key":1,"minecraft:diamond_sword":273,"minecraft:smithing_table":1,"minecraft:spruce_planks":248,"minecraft:cooked_chicken":3,"minecraft:spyglass":46,"minecraft:spruce_stairs":3,"minecraft:granite":1,"minecraft:iron_hoe":250,"minecraft:golden_carrot":3,"tombstone:gift":7,"medieval_craft_weapons:spear_1":115,"minecraft:cooked_beef":37,"minecraft:cobbled_deepslate":35,"tombstone:scroll_of_mercy":1,"minecraft:birch_planks":16,"minecraft:baked_potato":30,"minecraft:crafting_table":13,"minecraft:diamond_pickaxe":284,"minecraft:iron_pickaxe":108,"minecraft:stone_axe":139,"minecraft:cobblestone":31,"minecraft:potion":1,"alexsmobs:animal_dictionary":1,"minecraft:diamond_leggings":1},"minecraft:broken":{"medieval_craft_weapons:spear_2":1,"medieval_craft_weapons:plate_boots":1,"minecraft:iron_hoe":1,"minecraft:leather_boots":1,"minecraft:iron_helmet":1},"minecraft:picked_up":{"unusualprehistory:amber_shard":5,"minecraft:enchanted_book":1,"minecraft:stone_brick_stairs":2,"minecraft:amethyst_block":8,"alexsmobs:gazelle_horn":1,"minecraft:string":33,"minecraft:raw_copper":117,"minecraft:smooth_stone_slab":2,"minecraft:cobbled_deepslate":39,"minecraft:spruce_planks":3,"unusualprehistory:plant_fossil_item":8,"minecraft:calcite":6,"minecraft:melon_slice":35,"minecraft:furnace":1,"minecraft:iron_boots":1,"minecraft:oak_fence":1,"minecraft:torch":10,"minecraft:spruce_stairs":7,"medieval_craft_weapons:spear_1":1,"tombstone:grave_dust":1,"medieval_craft_weapons:spear_2":3,"minecraft:rotten_flesh":2,"minecraft:iron_bars":4,"minecraft:cobblestone":74,"biomesoplenty:lavender":3,"minecraft:birch_log":7,"minecraft:feather":2,"minecraft:lilac":1,"minecraft:jungle_log":26,"biomesoplenty:glowshroom":1,"minecraft:tuff":2,"minecraft:lapis_lazuli":9,"minecraft:dirt":4,"minecraft:leather_boots":2,"minecraft:bow":2,"minecraft:wheat_seeds":6,"minecraft:raw_gold":6,"minecraft:mossy_stone_bricks":3,"minecraft:diamond_helmet":1,"minecraft:oak_planks":1,"medieval_craft_weapons:sword_1":2,"minecraft:jungle_planks":11,"minecraft:diamond_block":6,"alexsmobs:animal_dictionary":2,"tombstone:scroll_of_mercy":1,"minecraft:diamond":29,"waystones:waystone":1,"minecraft:granite":1,"minecraft:chainmail_helmet":1,"minecraft:bread":10,"minecraft:cocoa_beans":5,"minecraft:crafting_table":12,"minecraft:chicken":1,"minecraft:ladder":2,"minecraft:clay_ball":4,"medieval_craft_weapons:plate_boots":1,"alexscaves:cave_codex":1,"unusualprehistory:opal_chunk":7,"unusualprehistory:paleo_fossil":1,"minecraft:beef":28,"minecraft:jungle_sapling":3,"minecraft:sugar_cane":3,"minecraft:chest":1,"unusualprehistory:tar_fossil_item":14,"minecraft:raw_iron":26,"medieval_craft_weapons:titanite_nugget_1":2,"sophisticatedbackpacks:backpack":2,"minecraft:redstone":256,"alexsmobs:crocodile_scute":1,"minecraft:arrow":73,"alexscaves:spelunkery_table":1,"unusualprehistory:opal_fossil":2,"minecraft:mutton":7,"minecraft:white_wool":6,"minecraft:jungle_boat":8,"minecraft:leather":13,"minecraft:birch_planks":1,"minecraft:white_banner":1,"tombstone:gift":1,"biomesoplenty:glowing_moss_carpet":1,"medieval_craft_weapons:greathelmet_helmet":1,"minecraft:stone_bricks":14,"minecraft:kelp":2,"minecraft:iron_ingot":11,"minecraft:smooth_basalt":4,"medieval_craft_weapons:plate_leggings":1,"minecraft:gravel":2,"minecraft:amethyst_shard":5,"minecraft:red_banner":1,"minecraft:blast_furnace":2,"minecraft:spruce_log":70,"minecraft:spider_eye":2,"minecraft:leather_helmet":1,"minecraft:coal":39,"unusualprehistory:mezo_fossil":20},"minecraft:mined":{"minecraft:large_amethyst_bud":1,"biomesoplenty:glowshroom":1,"minecraft:spruce_planks":1,"minecraft:sculk_vein":18,"unusualprehistory:stone_amber_ore":7,"minecraft:cave_vines_plant":1,"minecraft:granite":1,"minecraft:grass_block":1,"unusualprehistory:deepslate_opal_ore":11,"unusualprehistory:deepslate_fossil":1,"unusualprehistory:plant_fossil":2,"minecraft:jungle_log":28,"minecraft:spawner":3,"minecraft:iron_ore":15,"biomesoplenty:lavender":1,"minecraft:deepslate_lapis_ore":1,"minecraft:cave_vines":1,"minecraft:iron_bars":1,"minecraft:azalea":1,"minecraft:spruce_slab":2,"biomesoplenty:jacaranda_leaves":5,"minecraft:deepslate_redstone_ore":57,"biomesoplenty:glowing_moss_carpet":1,"biomesoplenty:glowworm_silk":1,"minecraft:amethyst_cluster":1,"minecraft:clay":2,"minecraft:blast_furnace":2,"minecraft:calcite":13,"minecraft:chest":1,"minecraft:cobblestone":1,"minecraft:oak_planks":1,"minecraft:sugar_cane":1,"minecraft:wall_torch":6,"minecraft:amethyst_block":11,"minecraft:deepslate_copper_ore":22,"minecraft:repeater":1,"biomesoplenty:glowworm_silk_strand":1,"minecraft:birch_log":7,"minecraft:lilac":1,"unusualprehistory:stone_fossil":20,"minecraft:stone_brick_stairs":2,"minecraft:smooth_stone_slab":4,"minecraft:grass":19,"biomesoplenty:clover":5,"minecraft:dirt":5,"minecraft:smooth_basalt":4,"minecraft:oak_leaves":1,"minecraft:deepslate":34,"alexscaves:spelunkery_table":1,"minecraft:tuff":5,"minecraft:deepslate_diamond_ore":18,"minecraft:ladder":2,"biomesoplenty:bush":1,"minecraft:redstone_wire":6,"minecraft:moss_block":10,"biomesoplenty:dune_grass":1,"minecraft:redstone_ore":4,"minecraft:furnace":1,"minecraft:diamond_block":6,"biomesoplenty:sea_oats":3,"minecraft:deepslate_iron_ore":4,"minecraft:vine":1,"minecraft:stone":79,"sophisticatedbackpacks:backpack":1,"unusualprehistory:deepslate_plant_fossil":3,"minecraft:glass_pane":1,"minecraft:oak_fence":1,"minecraft:crafting_table":11,"minecraft:sculk_sensor":1,"minecraft:copper_ore":13,"minecraft:tall_grass":6,"minecraft:deepslate_gold_ore":6,"minecraft:sculk":233,"minecraft:diorite":1,"minecraft:big_dripleaf":1,"minecraft:spruce_stairs":5,"minecraft:birch_planks":1,"minecraft:white_wall_banner":1,"minecraft:red_wall_banner":1,"minecraft:coal_ore":21,"minecraft:cobweb":16,"minecraft:cracked_stone_bricks":1,"minecraft:acacia_planks":5,"minecraft:stone_bricks":21,"minecraft:mossy_stone_bricks":2,"minecraft:fern":1},"minecraft:custom":{"minecraft:interact_with_crafting_table":30,"minecraft:open_barrel":6,"minecraft:eat_cake_slice":1,"minecraft:leave_game":1,"minecraft:time_since_death":12109,"minecraft:sprint_one_cm":528144,"minecraft:damage_blocked_by_shield":3148,"minecraft:drop":112,"minecraft:deaths":16,"minecraft:play_time":196981,"minecraft:jump":4784,"minecraft:walk_on_water_one_cm":39220,"minecraft:interact_with_furnace":20,"minecraft:interact_with_loom":1,"minecraft:damage_dealt":17045,"minecraft:player_kills":1,"minecraft:crouch_one_cm":29396,"tombstone:undead_killed":26,"minecraft:interact_with_smithing_table":3,"minecraft:mob_kills":126,"minecraft:climb_one_cm":28448,"minecraft:walk_one_cm":425679,"minecraft:damage_dealt_absorbed":200,"minecraft:sneak_time":11464,"minecraft:walk_under_water_one_cm":19040,"minecraft:interact_with_blast_furnace":1,"minecraft:total_world_time":196981,"minecraft:time_since_rest":11890,"minecraft:damage_taken":9529,"minecraft:damage_absorbed":40,"tombstone:cast_on_ally":1,"minecraft:swim_one_cm":52622,"minecraft:fly_one_cm":879639,"minecraft:open_chest":67,"minecraft:fall_one_cm":149083},"minecraft:dropped":{"minecraft:birch_planks":13,"medieval_craft_weapons:mace":2,"minecraft:lapis_lazuli":9,"minecraft:baked_potato":30,"minecraft:glass_bottle":1,"minecraft:diamond":18,"unusualprehistory:tar_fossil_item":14,"minecraft:leather":1,"minecraft:red_wool":1,"minecraft:leather_helmet":2,"minecraft:dirt":4,"minecraft:mutton":7,"minecraft:jungle_sapling":3,"minecraft:gold_nugget":12,"minecraft:amethyst_shard":1,"unusualprehistory:opal_fossil":1,"unusualprehistory:plant_fossil_item":8,"minecraft:stone_axe":2,"minecraft:diamond_block":1,"minecraft:cooked_chicken":25,"minecraft:cobbled_deepslate":4,"alexsmobs:animal_dictionary":1,"alexscaves:cave_tablet":2,"minecraft:rotten_flesh":1,"biomesoplenty:glowing_moss_carpet":1,"alexsmobs:elastic_tendon":2,"minecraft:ladder":2,"minecraft:iron_bars":4,"minecraft:arrow":69,"minecraft:beef":12,"minecraft:iron_ingot":14,"minecraft:bread":30,"minecraft:wheat_seeds":1,"biomesoplenty:lavender":1,"minecraft:feather":2,"minecraft:amethyst_block":8,"minecraft:spruce_stairs":3,"minecraft:chainmail_helmet":2,"medieval_craft_weapons:bullet":28,"minecraft:stick":2,"minecraft:torch":10,"tombstone:grave_dust":2,"minecraft:iron_leggings":1,"medieval_craft_weapons:greathelmet_helmet":1,"minecraft:white_banner":1,"biomesoplenty:glowshroom":1,"minecraft:string":3,"minecraft:smooth_basalt":2,"minecraft:kelp":2,"alexsmobs:crocodile_scute":1,"minecraft:cocoa_beans":5,"minecraft:raw_copper":5,"minecraft:tuff":2,"minecraft:chicken":1,"minecraft:clay_ball":4,"minecraft:iron_boots":2,"sophisticatedbackpacks:backpack":1,"minecraft:shield":2,"medieval_craft_weapons:mighty_stick":1,"minecraft:iron_chestplate":1,"minecraft:mossy_stone_bricks":1,"minecraft:stone_bricks":2,"minecraft:spider_eye":2,"medieval_craft_weapons:titanite_nugget_1":2,"minecraft:stone_pickaxe":1,"minecraft:wooden_pickaxe":1,"minecraft:calcite":6,"medieval_craft_weapons:spear_1":1}},"DataVersion":3465}