{"stats":{"minecraft:dropped":{"minecraft:jungle_sapling":3,"minecraft:wheat_seeds":1,"minecraft:cocoa_beans":5},"minecraft:mined":{"minecraft:grass":3,"minecraft:vine":1,"minecraft:jungle_log":28,"minecraft:copper_ore":1,"minecraft:stone":6,"minecraft:crafting_table":1},"minecraft:crafted":{"minecraft:stone_axe":1,"minecraft:crafting_table":1,"minecraft:stick":8,"minecraft:stone_pickaxe":1,"minecraft:wooden_pickaxe":1,"minecraft:jungle_planks":36},"minecraft:used":{"minecraft:stone_axe":26,"minecraft:crafting_table":1,"minecraft:stone_pickaxe":1,"minecraft:wooden_pickaxe":6},"minecraft:custom":{"minecraft:time_since_rest":3369,"minecraft:play_time":3369,"minecraft:sprint_one_cm":6815,"minecraft:walk_one_cm":6244,"minecraft:drop":4,"minecraft:jump":63,"minecraft:damage_dealt":123,"minecraft:time_since_death":3369,"minecraft:total_world_time":3369,"minecraft:interact_with_crafting_table":2,"minecraft:fall_one_cm":3102,"minecraft:fly_one_cm":17781},"minecraft:picked_up":{"minecraft:raw_copper":5,"minecraft:cocoa_beans":5,"minecraft:crafting_table":1,"minecraft:jungle_log":22,"minecraft:wheat_seeds":1,"minecraft:jungle_planks":10,"minecraft:jungle_sapling":3,"alexsmobs:animal_dictionary":1,"minecraft:cobblestone":6}},"DataVersion":3465}