{"stats":{"minecraft:custom":{"minecraft:interact_with_furnace":20,"minecraft:mob_kills":39,"minecraft:interact_with_crafting_table":14,"minecraft:time_since_death":9528,"minecraft:climb_one_cm":1475,"minecraft:time_since_rest":9368,"minecraft:sprint_one_cm":143430,"minecraft:damage_absorbed":40,"minecraft:damage_taken":3179,"minecraft:walk_one_cm":129693,"minecraft:damage_blocked_by_shield":912,"minecraft:drop":38,"minecraft:damage_dealt":4417,"minecraft:swim_one_cm":12337,"minecraft:fly_one_cm":246069,"minecraft:open_chest":14,"minecraft:crouch_one_cm":8124,"minecraft:deaths":7,"minecraft:play_time":51000,"tombstone:undead_killed":2,"minecraft:sneak_time":2312,"minecraft:walk_under_water_one_cm":6713,"minecraft:jump":1292,"minecraft:walk_on_water_one_cm":9814,"minecraft:total_world_time":51000,"minecraft:fall_one_cm":35573},"minecraft:broken":{"minecraft:leather_boots":1,"medieval_craft_weapons:spear_2":1,"medieval_craft_weapons:plate_boots":1},"minecraft:picked_up":{"biomesoplenty:lavender":1,"minecraft:birch_log":7,"minecraft:cocoa_beans":5,"minecraft:crafting_table":5,"minecraft:jungle_boat":2,"minecraft:feather":2,"minecraft:chicken":1,"minecraft:jungle_log":26,"minecraft:leather":8,"minecraft:birch_planks":1,"medieval_craft_weapons:plate_boots":1,"minecraft:stone_brick_stairs":2,"minecraft:dirt":2,"minecraft:string":4,"minecraft:raw_copper":5,"minecraft:leather_boots":1,"medieval_craft_weapons:greathelmet_helmet":1,"minecraft:bow":1,"minecraft:wheat_seeds":1,"minecraft:cobbled_deepslate":1,"minecraft:iron_ingot":11,"minecraft:beef":16,"unusualprehistory:plant_fossil_item":3,"minecraft:jungle_sapling":3,"minecraft:melon_slice":35,"minecraft:sugar_cane":3,"minecraft:chest":1,"minecraft:furnace":1,"unusualprehistory:tar_fossil_item":14,"minecraft:raw_iron":26,"minecraft:torch":1,"medieval_craft_weapons:titanite_nugget_1":1,"minecraft:spruce_stairs":6,"minecraft:jungle_planks":11,"tombstone:grave_dust":1,"minecraft:spider_eye":1,"alexsmobs:animal_dictionary":1,"minecraft:rotten_flesh":1,"minecraft:diamond":11,"minecraft:chainmail_helmet":1,"minecraft:iron_bars":2,"minecraft:coal":39,"minecraft:mutton":7,"minecraft:white_wool":6,"minecraft:cobblestone":25},"minecraft:crafted":{"minecraft:cooked_beef":8,"sophisticatedbackpacks:backpack":1,"minecraft:crafting_table":1,"minecraft:jungle_boat":1,"minecraft:wooden_pickaxe":1,"minecraft:iron_helmet":1,"minecraft:furnace":1,"minecraft:birch_planks":28,"minecraft:stone_axe":2,"minecraft:air":0,"minecraft:jungle_planks":104,"minecraft:iron_boots":1,"minecraft:iron_chestplate":1,"minecraft:shield":2,"minecraft:stick":20,"minecraft:iron_ingot":18,"minecraft:iron_pickaxe":1,"minecraft:stone_pickaxe":1,"minecraft:iron_leggings":1,"minecraft:diamond_chestplate":1},"minecraft:mined":{"minecraft:glass_pane":1,"minecraft:crafting_table":5,"biomesoplenty:bush":1,"minecraft:chest":1,"minecraft:jungle_log":28,"minecraft:copper_ore":1,"minecraft:sugar_cane":1,"minecraft:wall_torch":1,"minecraft:spruce_stairs":4,"minecraft:birch_planks":1,"minecraft:furnace":1,"minecraft:birch_log":7,"minecraft:iron_ore":15,"biomesoplenty:lavender":1,"minecraft:stone_brick_stairs":2,"biomesoplenty:clover":5,"minecraft:grass":12,"minecraft:coal_ore":21,"minecraft:deepslate_iron_ore":4,"minecraft:vine":1,"minecraft:iron_bars":1,"minecraft:dirt":4,"minecraft:stone_bricks":4,"minecraft:stone":25,"minecraft:deepslate":1,"minecraft:fern":1},"minecraft:killed_by":{"medieval_craft_weapons:heavyknight":1,"medieval_craft_weapons:knight":4,"medieval_craft_weapons:soldier":1,"medieval_craft_weapons:archer":1},"minecraft:used":{"medieval_craft_weapons:spear_2":29,"minecraft:birch_planks":16,"minecraft:stone_pickaxe":51,"minecraft:baked_potato":1,"minecraft:shield":11,"minecraft:wooden_pickaxe":6,"minecraft:cooked_chicken":3,"minecraft:rotten_flesh":1,"minecraft:jungle_boat":2,"minecraft:iron_chestplate":1,"minecraft:golden_apple":1,"minecraft:crafting_table":6,"minecraft:jungle_planks":69,"minecraft:melon_slice":4,"minecraft:iron_pickaxe":19,"minecraft:iron_helmet":1,"tombstone:grave_key":1,"minecraft:stone_axe":139,"minecraft:bow":29,"minecraft:cobblestone":6,"medieval_craft_weapons:mace":4,"minecraft:furnace":2,"tombstone:gift":3,"alexsmobs:animal_dictionary":1,"minecraft:cooked_beef":8,"minecraft:cobbled_deepslate":1},"minecraft:killed":{"minecraft:spider":2,"medieval_craft_weapons:archer":2,"medieval_craft_weapons:knight":5,"minecraft:sheep":6,"medieval_craft_weapons:soldier":9,"minecraft:zombie":2,"minecraft:chicken":2,"medieval_craft_weapons:heavyknight":3,"minecraft:cow":7},"minecraft:dropped":{"minecraft:iron_ingot":14,"minecraft:bread":30,"minecraft:wheat_seeds":1,"minecraft:cooked_chicken":25,"minecraft:baked_potato":30,"minecraft:cocoa_beans":5,"minecraft:diamond":18,"unusualprehistory:tar_fossil_item":14,"minecraft:spruce_stairs":3,"minecraft:chainmail_helmet":1,"minecraft:shield":1,"tombstone:grave_dust":1,"minecraft:jungle_sapling":3}},"DataVersion":3465}