{"stats":{"minecraft:custom":{"minecraft:interact_with_smithing_table":3,"minecraft:mob_kills":58,"minecraft:interact_with_crafting_table":20,"minecraft:time_since_death":251,"minecraft:climb_one_cm":11898,"minecraft:sprint_one_cm":238628,"minecraft:walk_one_cm":182399,"minecraft:damage_blocked_by_shield":1121,"minecraft:drop":69,"minecraft:damage_dealt_absorbed":120,"minecraft:play_time":93000,"minecraft:deaths":10,"minecraft:sneak_time":4694,"minecraft:walk_under_water_one_cm":14988,"minecraft:jump":2313,"minecraft:walk_on_water_one_cm":23922,"minecraft:total_world_time":93000,"minecraft:interact_with_furnace":20,"minecraft:time_since_rest":37,"minecraft:damage_taken":4835,"minecraft:damage_absorbed":40,"minecraft:damage_dealt":8354,"minecraft:fly_one_cm":434775,"minecraft:swim_one_cm":33713,"minecraft:open_chest":29,"minecraft:crouch_one_cm":13663,"tombstone:undead_killed":2,"minecraft:fall_one_cm":65290},"minecraft:broken":{"medieval_craft_weapons:spear_2":1,"medieval_craft_weapons:plate_boots":1,"minecraft:leather_boots":1},"minecraft:picked_up":{"minecraft:cocoa_beans":5,"minecraft:crafting_table":8,"minecraft:ladder":2,"minecraft:chicken":1,"medieval_craft_weapons:plate_boots":1,"minecraft:stone_brick_stairs":2,"minecraft:string":22,"minecraft:raw_copper":5,"minecraft:cobbled_deepslate":1,"minecraft:spruce_planks":2,"minecraft:beef":28,"unusualprehistory:plant_fossil_item":3,"minecraft:jungle_sapling":3,"minecraft:melon_slice":35,"minecraft:sugar_cane":3,"minecraft:chest":1,"minecraft:iron_boots":1,"minecraft:furnace":1,"unusualprehistory:tar_fossil_item":14,"minecraft:raw_iron":26,"medieval_craft_weapons:titanite_nugget_1":1,"minecraft:torch":9,"minecraft:spruce_stairs":6,"medieval_craft_weapons:spear_1":1,"tombstone:grave_dust":1,"minecraft:rotten_flesh":1,"minecraft:mutton":7,"minecraft:iron_bars":4,"minecraft:white_wool":6,"minecraft:cobblestone":34,"biomesoplenty:lavender":1,"minecraft:birch_log":7,"minecraft:jungle_boat":7,"minecraft:feather":2,"minecraft:jungle_log":26,"minecraft:leather":13,"minecraft:birch_planks":1,"minecraft:dirt":4,"minecraft:white_banner":1,"minecraft:leather_boots":1,"minecraft:stone_bricks":6,"minecraft:kelp":2,"medieval_craft_weapons:greathelmet_helmet":1,"minecraft:bow":1,"minecraft:wheat_seeds":1,"minecraft:iron_ingot":11,"minecraft:jungle_planks":11,"minecraft:leather_helmet":1,"minecraft:spruce_log":70,"minecraft:spider_eye":1,"alexsmobs:animal_dictionary":2,"minecraft:diamond":11,"minecraft:chainmail_helmet":1,"minecraft:coal":39},"minecraft:crafted":{"ageofweapons:tiny_diamond_blank":3,"minecraft:furnace":1,"minecraft:iron_boots":1,"minecraft:stone_pickaxe":1,"medieval_craft_weapons:mighty_stick":1,"minecraft:cooked_beef":8,"minecraft:diamond_sword":1,"sophisticatedbackpacks:backpack":1,"minecraft:crafting_table":1,"minecraft:spruce_planks":255,"minecraft:jungle_boat":1,"minecraft:wooden_pickaxe":1,"minecraft:iron_helmet":1,"minecraft:smithing_table":1,"minecraft:birch_planks":28,"minecraft:stone_axe":2,"minecraft:air":0,"minecraft:jungle_planks":104,"minecraft:iron_chestplate":1,"minecraft:shield":2,"ageofweapons:hammer":1,"minecraft:stick":24,"minecraft:iron_pickaxe":1,"minecraft:iron_ingot":18,"ageofweapons:medium_diamond_blank":1,"minecraft:iron_leggings":1,"minecraft:diamond_chestplate":1},"minecraft:mined":{"minecraft:spruce_planks":1,"minecraft:ladder":2,"biomesoplenty:bush":1,"minecraft:grass_block":1,"minecraft:jungle_log":28,"biomesoplenty:dune_grass":1,"minecraft:furnace":1,"minecraft:iron_ore":15,"biomesoplenty:lavender":1,"biomesoplenty:sea_oats":3,"minecraft:vine":1,"minecraft:deepslate_iron_ore":4,"minecraft:iron_bars":1,"minecraft:stone":38,"minecraft:glass_pane":1,"minecraft:crafting_table":7,"minecraft:chest":1,"minecraft:cobblestone":1,"minecraft:copper_ore":1,"minecraft:tall_grass":3,"minecraft:sugar_cane":1,"minecraft:wall_torch":5,"minecraft:spruce_stairs":4,"minecraft:birch_planks":1,"minecraft:birch_log":7,"minecraft:white_wall_banner":1,"minecraft:stone_brick_stairs":2,"minecraft:grass":15,"biomesoplenty:clover":5,"minecraft:coal_ore":21,"minecraft:dirt":5,"minecraft:cobweb":11,"minecraft:stone_bricks":11,"minecraft:oak_leaves":1,"minecraft:fern":1,"minecraft:deepslate":1},"minecraft:killed_by":{"medieval_craft_weapons:heavyknight":1,"medieval_craft_weapons:archer":1,"minecraft:zombie":1,"medieval_craft_weapons:knight":5,"medieval_craft_weapons:soldier":2},"minecraft:used":{"minecraft:spruce_planks":168,"minecraft:shield":13,"minecraft:cooked_chicken":3,"minecraft:rotten_flesh":1,"minecraft:iron_chestplate":1,"minecraft:jungle_planks":71,"minecraft:spruce_stairs":3,"minecraft:obsidian":1,"minecraft:iron_helmet":1,"minecraft:stone_brick_stairs":2,"minecraft:stone_bricks":4,"minecraft:golden_carrot":2,"minecraft:bow":29,"medieval_craft_weapons:mace":4,"minecraft:furnace":2,"tombstone:gift":3,"medieval_craft_weapons:spear_1":115,"minecraft:cooked_beef":8,"minecraft:cobbled_deepslate":1,"medieval_craft_weapons:spear_2":29,"minecraft:birch_planks":16,"minecraft:stone_pickaxe":51,"minecraft:baked_potato":19,"minecraft:wooden_pickaxe":6,"minecraft:jungle_boat":7,"minecraft:golden_apple":1,"minecraft:crafting_table":8,"minecraft:melon_slice":4,"minecraft:iron_pickaxe":46,"tombstone:grave_key":1,"minecraft:stone_axe":139,"minecraft:diamond_sword":26,"minecraft:potion":1,"minecraft:cobblestone":6,"minecraft:smithing_table":1,"alexsmobs:animal_dictionary":1},"minecraft:killed":{"minecraft:cave_spider":2,"minecraft:spider":4,"medieval_craft_weapons:archer":3,"medieval_craft_weapons:knight":7,"medieval_craft_weapons:soldier":15,"minecraft:chicken":2,"minecraft:sheep":6,"minecraft:zombie":2,"minecraft:cow":13,"medieval_craft_weapons:heavyknight":3},"minecraft:dropped":{"minecraft:iron_ingot":14,"minecraft:bread":30,"minecraft:wheat_seeds":1,"medieval_craft_weapons:mace":2,"minecraft:baked_potato":30,"minecraft:glass_bottle":1,"minecraft:diamond":18,"biomesoplenty:lavender":1,"minecraft:feather":2,"minecraft:leather":1,"unusualprehistory:tar_fossil_item":14,"minecraft:spruce_stairs":3,"minecraft:chainmail_helmet":2,"minecraft:leather_helmet":1,"minecraft:stick":1,"minecraft:dirt":3,"minecraft:torch":10,"minecraft:mutton":7,"tombstone:grave_dust":2,"minecraft:jungle_sapling":3,"medieval_craft_weapons:greathelmet_helmet":1,"minecraft:stone_axe":1,"minecraft:kelp":2,"minecraft:cooked_chicken":25,"alexsmobs:animal_dictionary":1,"minecraft:raw_copper":5,"minecraft:cocoa_beans":5,"minecraft:chicken":1,"minecraft:iron_boots":2,"minecraft:shield":2,"medieval_craft_weapons:mighty_stick":1,"minecraft:iron_chestplate":1,"minecraft:ladder":2,"minecraft:spider_eye":1,"minecraft:stone_bricks":2,"minecraft:iron_bars":4,"minecraft:beef":6}},"DataVersion":3465}