{"stats":{"minecraft:custom":{"minecraft:interact_with_smithing_table":3,"minecraft:mob_kills":68,"minecraft:interact_with_crafting_table":21,"minecraft:leave_game":1,"minecraft:time_since_death":3432,"minecraft:climb_one_cm":11898,"minecraft:sprint_one_cm":301244,"minecraft:walk_one_cm":238661,"minecraft:damage_blocked_by_shield":2301,"minecraft:drop":81,"minecraft:damage_dealt_absorbed":120,"minecraft:play_time":113965,"minecraft:deaths":12,"minecraft:sneak_time":5624,"minecraft:walk_under_water_one_cm":17961,"minecraft:jump":2901,"minecraft:walk_on_water_one_cm":27889,"minecraft:total_world_time":113965,"minecraft:interact_with_furnace":20,"minecraft:time_since_rest":3215,"minecraft:damage_taken":6016,"minecraft:damage_absorbed":40,"minecraft:damage_dealt":10541,"minecraft:fly_one_cm":538262,"minecraft:swim_one_cm":42805,"minecraft:open_chest":30,"minecraft:crouch_one_cm":16267,"tombstone:undead_killed":9,"minecraft:fall_one_cm":90657},"minecraft:broken":{"medieval_craft_weapons:spear_2":1,"medieval_craft_weapons:plate_boots":1,"minecraft:leather_boots":1},"minecraft:picked_up":{"minecraft:cocoa_beans":5,"minecraft:crafting_table":9,"unusualprehistory:amber_shard":2,"minecraft:ladder":2,"minecraft:chicken":1,"medieval_craft_weapons:plate_boots":1,"minecraft:stone_brick_stairs":2,"minecraft:amethyst_block":8,"unusualprehistory:opal_chunk":5,"minecraft:string":25,"minecraft:raw_copper":5,"minecraft:smooth_stone_slab":2,"minecraft:cobbled_deepslate":12,"minecraft:spruce_planks":2,"minecraft:beef":28,"minecraft:calcite":6,"unusualprehistory:plant_fossil_item":5,"minecraft:jungle_sapling":3,"minecraft:melon_slice":35,"minecraft:sugar_cane":3,"minecraft:chest":1,"minecraft:iron_boots":1,"minecraft:furnace":1,"unusualprehistory:tar_fossil_item":14,"minecraft:raw_iron":26,"medieval_craft_weapons:titanite_nugget_1":1,"minecraft:torch":9,"minecraft:spruce_stairs":6,"medieval_craft_weapons:spear_1":1,"tombstone:grave_dust":1,"minecraft:redstone":186,"minecraft:arrow":2,"minecraft:rotten_flesh":1,"unusualprehistory:opal_fossil":1,"minecraft:mutton":7,"minecraft:iron_bars":4,"minecraft:white_wool":6,"minecraft:cobblestone":46,"biomesoplenty:lavender":1,"minecraft:birch_log":7,"minecraft:jungle_boat":7,"minecraft:feather":2,"minecraft:jungle_log":26,"minecraft:leather":13,"biomesoplenty:glowshroom":1,"minecraft:birch_planks":1,"minecraft:tuff":2,"minecraft:lapis_lazuli":9,"minecraft:dirt":4,"minecraft:white_banner":1,"biomesoplenty:glowing_moss_carpet":1,"minecraft:leather_boots":1,"minecraft:stone_bricks":10,"minecraft:kelp":2,"medieval_craft_weapons:greathelmet_helmet":1,"minecraft:bow":1,"minecraft:wheat_seeds":1,"minecraft:iron_ingot":11,"minecraft:smooth_basalt":2,"minecraft:jungle_planks":11,"minecraft:amethyst_shard":4,"minecraft:leather_helmet":1,"minecraft:spruce_log":70,"minecraft:spider_eye":2,"alexsmobs:animal_dictionary":2,"minecraft:diamond":23,"waystones:waystone":1,"minecraft:granite":1,"minecraft:chainmail_helmet":1,"minecraft:coal":39,"unusualprehistory:mezo_fossil":13},"minecraft:crafted":{"ageofweapons:tiny_diamond_blank":3,"minecraft:furnace":1,"minecraft:iron_boots":1,"minecraft:stone_pickaxe":1,"medieval_craft_weapons:mighty_stick":1,"minecraft:cooked_beef":8,"minecraft:diamond_sword":1,"sophisticatedbackpacks:backpack":1,"minecraft:crafting_table":1,"minecraft:spruce_planks":255,"minecraft:jungle_boat":1,"minecraft:wooden_pickaxe":1,"minecraft:iron_helmet":1,"minecraft:smithing_table":1,"minecraft:birch_planks":28,"minecraft:stone_axe":2,"minecraft:air":0,"minecraft:jungle_planks":104,"minecraft:iron_chestplate":1,"minecraft:diamond_pickaxe":1,"minecraft:shield":2,"ageofweapons:hammer":1,"minecraft:stick":24,"minecraft:iron_pickaxe":1,"minecraft:iron_ingot":18,"ageofweapons:medium_diamond_blank":1,"minecraft:iron_leggings":1,"minecraft:diamond_chestplate":1},"minecraft:mined":{"minecraft:large_amethyst_bud":1,"biomesoplenty:glowshroom":1,"minecraft:tuff":2,"minecraft:spruce_planks":1,"minecraft:deepslate_diamond_ore":12,"unusualprehistory:stone_amber_ore":3,"minecraft:granite":1,"minecraft:ladder":2,"biomesoplenty:bush":1,"unusualprehistory:deepslate_opal_ore":7,"minecraft:grass_block":1,"unusualprehistory:plant_fossil":2,"minecraft:jungle_log":28,"biomesoplenty:dune_grass":1,"minecraft:redstone_ore":4,"minecraft:furnace":1,"minecraft:iron_ore":15,"biomesoplenty:lavender":1,"minecraft:deepslate_lapis_ore":1,"biomesoplenty:sea_oats":3,"minecraft:vine":1,"minecraft:deepslate_iron_ore":4,"minecraft:iron_bars":1,"minecraft:stone":50,"minecraft:deepslate_redstone_ore":38,"minecraft:glass_pane":1,"biomesoplenty:glowing_moss_carpet":1,"biomesoplenty:glowworm_silk":1,"minecraft:amethyst_cluster":1,"minecraft:crafting_table":8,"minecraft:calcite":6,"minecraft:chest":1,"minecraft:cobblestone":1,"minecraft:copper_ore":1,"minecraft:tall_grass":3,"minecraft:sugar_cane":1,"minecraft:diorite":1,"minecraft:wall_torch":5,"minecraft:amethyst_block":8,"minecraft:spruce_stairs":4,"minecraft:birch_planks":1,"biomesoplenty:glowworm_silk_strand":1,"minecraft:birch_log":7,"unusualprehistory:stone_fossil":13,"minecraft:smooth_stone_slab":4,"minecraft:white_wall_banner":1,"minecraft:stone_brick_stairs":2,"minecraft:grass":16,"biomesoplenty:clover":5,"minecraft:coal_ore":21,"minecraft:dirt":5,"minecraft:cobweb":11,"minecraft:smooth_basalt":2,"minecraft:cracked_stone_bricks":1,"minecraft:stone_bricks":17,"minecraft:oak_leaves":1,"minecraft:fern":1,"minecraft:deepslate":13},"minecraft:used":{"minecraft:spruce_planks":183,"minecraft:shield":24,"minecraft:cooked_chicken":3,"minecraft:rotten_flesh":1,"minecraft:iron_chestplate":1,"minecraft:jungle_planks":71,"minecraft:spruce_stairs":3,"minecraft:granite":1,"minecraft:obsidian":1,"minecraft:iron_helmet":1,"minecraft:stone_brick_stairs":2,"minecraft:stone_bricks":8,"minecraft:golden_carrot":3,"minecraft:bow":29,"medieval_craft_weapons:mace":4,"minecraft:furnace":2,"tombstone:gift":3,"medieval_craft_weapons:spear_1":115,"minecraft:cooked_beef":8,"minecraft:cobbled_deepslate":9,"medieval_craft_weapons:spear_2":29,"minecraft:birch_planks":16,"minecraft:stone_pickaxe":51,"minecraft:baked_potato":30,"minecraft:wooden_pickaxe":6,"minecraft:jungle_boat":7,"minecraft:golden_apple":1,"minecraft:crafting_table":9,"minecraft:diamond_pickaxe":81,"minecraft:melon_slice":4,"minecraft:iron_pickaxe":108,"tombstone:grave_key":1,"minecraft:stone_axe":139,"minecraft:diamond_sword":71,"minecraft:potion":1,"minecraft:cobblestone":19,"minecraft:smithing_table":1,"alexsmobs:animal_dictionary":1},"minecraft:killed_by":{"minecraft:player":1,"medieval_craft_weapons:heavyknight":1,"alexsmobs:murmur_head":1,"medieval_craft_weapons:archer":1,"minecraft:zombie":1,"medieval_craft_weapons:knight":5,"medieval_craft_weapons:soldier":2},"minecraft:killed":{"minecraft:cave_spider":2,"minecraft:spider":7,"medieval_craft_weapons:archer":3,"alexsmobs:murmur":1,"medieval_craft_weapons:knight":7,"minecraft:skeleton":3,"medieval_craft_weapons:soldier":15,"minecraft:chicken":2,"minecraft:sheep":6,"minecraft:zombie":5,"minecraft:cow":13,"medieval_craft_weapons:heavyknight":3},"minecraft:dropped":{"minecraft:iron_ingot":14,"minecraft:bread":30,"minecraft:wheat_seeds":1,"medieval_craft_weapons:mace":2,"minecraft:baked_potato":30,"minecraft:glass_bottle":1,"minecraft:diamond":18,"biomesoplenty:lavender":1,"minecraft:feather":2,"minecraft:amethyst_block":8,"minecraft:leather":1,"unusualprehistory:tar_fossil_item":14,"minecraft:spruce_stairs":3,"minecraft:chainmail_helmet":2,"minecraft:leather_helmet":1,"minecraft:stick":2,"minecraft:dirt":4,"minecraft:torch":10,"minecraft:mutton":7,"tombstone:grave_dust":2,"minecraft:jungle_sapling":3,"minecraft:gold_nugget":12,"medieval_craft_weapons:greathelmet_helmet":1,"unusualprehistory:plant_fossil_item":2,"minecraft:smooth_basalt":2,"minecraft:stone_axe":1,"minecraft:kelp":2,"minecraft:cooked_chicken":25,"alexsmobs:animal_dictionary":1,"minecraft:cobbled_deepslate":2,"minecraft:raw_copper":5,"minecraft:cocoa_beans":5,"minecraft:tuff":2,"minecraft:chicken":1,"minecraft:iron_boots":2,"biomesoplenty:glowing_moss_carpet":1,"minecraft:shield":2,"medieval_craft_weapons:mighty_stick":1,"minecraft:iron_chestplate":1,"minecraft:ladder":2,"minecraft:spider_eye":1,"minecraft:stone_bricks":2,"minecraft:iron_bars":4,"minecraft:beef":12,"minecraft:calcite":6,"medieval_craft_weapons:spear_1":1}},"DataVersion":3465}