{"stats":{"minecraft:custom":{"minecraft:time_since_rest":15000,"minecraft:interact_with_furnace":4,"minecraft:sprint_one_cm":34269,"minecraft:damage_taken":190,"minecraft:walk_one_cm":31464,"minecraft:mob_kills":6,"minecraft:drop":4,"minecraft:damage_dealt":793,"minecraft:swim_one_cm":4859,"minecraft:interact_with_crafting_table":4,"minecraft:fly_one_cm":64772,"minecraft:crouch_one_cm":2120,"minecraft:play_time":15000,"tombstone:undead_killed":1,"minecraft:sneak_time":692,"minecraft:walk_under_water_one_cm":6313,"minecraft:jump":374,"minecraft:time_since_death":15000,"minecraft:walk_on_water_one_cm":8938,"minecraft:climb_one_cm":321,"minecraft:total_world_time":15000,"minecraft:fall_one_cm":12140},"minecraft:picked_up":{"minecraft:birch_log":7,"minecraft:cocoa_beans":5,"minecraft:raw_iron":18,"minecraft:crafting_table":1,"minecraft:feather":2,"minecraft:chicken":1,"minecraft:jungle_log":26,"minecraft:leather":4,"medieval_craft_weapons:titanite_nugget_1":1,"minecraft:jungle_planks":11,"alexsmobs:animal_dictionary":1,"minecraft:raw_copper":5,"minecraft:rotten_flesh":1,"minecraft:wheat_seeds":1,"minecraft:cobbled_deepslate":1,"minecraft:beef":8,"minecraft:jungle_sapling":3,"minecraft:coal":21,"minecraft:cobblestone":14},"minecraft:crafted":{"minecraft:cooked_beef":4,"minecraft:crafting_table":1,"minecraft:stick":8,"minecraft:jungle_boat":1,"minecraft:wooden_pickaxe":1,"minecraft:stone_pickaxe":1,"minecraft:furnace":1,"minecraft:stone_axe":1,"minecraft:air":0,"minecraft:jungle_planks":36},"minecraft:mined":{"minecraft:birch_log":7,"minecraft:iron_ore":14,"minecraft:crafting_table":1,"minecraft:grass":4,"minecraft:coal_ore":21,"minecraft:vine":1,"minecraft:deepslate_iron_ore":4,"minecraft:jungle_log":28,"minecraft:copper_ore":1,"minecraft:stone":14,"minecraft:deepslate":1,"minecraft:fern":1},"minecraft:used":{"minecraft:stone_pickaxe":50,"minecraft:wooden_pickaxe":6,"minecraft:rotten_flesh":1,"minecraft:stone_axe":45,"minecraft:crafting_table":2,"minecraft:furnace":1,"minecraft:jungle_planks":20,"alexsmobs:animal_dictionary":1,"minecraft:cooked_beef":2,"minecraft:cobbled_deepslate":1},"minecraft:killed":{"minecraft:zombie":1,"minecraft:chicken":2,"minecraft:cow":3},"minecraft:dropped":{"minecraft:wheat_seeds":1,"minecraft:cocoa_beans":5,"minecraft:jungle_sapling":3}},"DataVersion":3465}