{"stats":{"minecraft:custom":{"minecraft:interact_with_furnace":14,"minecraft:mob_kills":55,"minecraft:interact_with_crafting_table":13,"minecraft:eat_cake_slice":4,"minecraft:leave_game":1,"minecraft:time_since_death":8795,"minecraft:climb_one_cm":3192,"minecraft:time_since_rest":8707,"minecraft:sprint_one_cm":144122,"minecraft:damage_taken":4627,"minecraft:walk_one_cm":108455,"minecraft:damage_blocked_by_shield":1254,"minecraft:drop":39,"minecraft:damage_dealt":7507,"minecraft:damage_dealt_absorbed":56,"minecraft:swim_one_cm":23092,"minecraft:fly_one_cm":307474,"minecraft:player_kills":1,"minecraft:open_chest":26,"minecraft:crouch_one_cm":14410,"minecraft:play_time":58173,"tombstone:undead_killed":1,"minecraft:deaths":14,"minecraft:sneak_time":5807,"minecraft:walk_under_water_one_cm":5885,"tombstone:tomb_raiding":1,"minecraft:jump":1609,"minecraft:walk_on_water_one_cm":3239,"minecraft:total_world_time":58173,"minecraft:fall_one_cm":43773},"minecraft:broken":{"minecraft:stone_axe":1},"minecraft:picked_up":{"minecraft:crafting_table":7,"minecraft:jungle_boat":2,"minecraft:jungle_log":7,"minecraft:shield":1,"medieval_craft_weapons:pole_axe":1,"minecraft:dirt":18,"minecraft:stone_bricks":2,"minecraft:iron_ingot":11,"minecraft:cooked_chicken":25,"unusualprehistory:plant_fossil_item":3,"minecraft:jungle_sapling":1,"minecraft:melon_slice":91,"minecraft:furnace":1,"unusualprehistory:tar_fossil_item":28,"minecraft:stick":2,"minecraft:raw_iron":10,"medieval_craft_weapons:plate_leggings":2,"minecraft:torch":1,"medieval_craft_weapons:titanite_nugget_1":2,"minecraft:spruce_stairs":3,"minecraft:jungle_planks":16,"tombstone:grave_dust":1,"minecraft:rotten_flesh":1,"minecraft:diamond":11,"alexsmobs:maggot":2,"minecraft:bread":30,"minecraft:chainmail_helmet":1,"minecraft:emerald":1,"minecraft:baked_potato":30,"minecraft:mutton":4,"minecraft:coal":9,"minecraft:white_wool":2,"minecraft:cobblestone":29},"minecraft:crafted":{"minecraft:stone_shovel":1,"minecraft:crafting_table":1,"minecraft:jungle_boat":1,"minecraft:wooden_pickaxe":1,"minecraft:furnace":1,"minecraft:stone_axe":2,"minecraft:air":0,"minecraft:jungle_planks":56,"minecraft:iron_chestplate":1,"tombstone:grave_key":1,"minecraft:stick":12,"minecraft:iron_ingot":11,"minecraft:iron_pickaxe":1,"minecraft:stone_pickaxe":1},"minecraft:mined":{"minecraft:glass_pane":1,"minecraft:jungle_leaves":2,"minecraft:crafting_table":6,"minecraft:emerald_ore":1,"minecraft:grass_block":14,"minecraft:melon":18,"minecraft:jungle_planks":1,"unusualprehistory:plant_fossil":3,"minecraft:jungle_log":7,"minecraft:tall_grass":1,"minecraft:wall_torch":3,"minecraft:spruce_stairs":2,"minecraft:furnace":1,"minecraft:iron_ore":10,"minecraft:grass":21,"biomesoplenty:clover":2,"minecraft:coal_ore":9,"minecraft:vine":2,"minecraft:iron_bars":1,"minecraft:dirt":5,"minecraft:stone":25,"unusualprehistory:stone_tar_fossil":10,"unusualprehistory:splattered_tar":2,"minecraft:fern":3},"minecraft:killed_by":{"minecraft:player":1,"medieval_craft_weapons:heavyknight":6,"alexsmobs:komodo_dragon":1,"medieval_craft_weapons:knight":2,"medieval_craft_weapons:soldier":2,"medieval_craft_weapons:archer":1,"unusualprehistory:sludge":1},"minecraft:used":{"minecraft:stone_shovel":16,"minecraft:stone_pickaxe":14,"minecraft:shield":24,"minecraft:wooden_pickaxe":15,"minecraft:iron_sword":132,"minecraft:cooked_chicken":5,"minecraft:jungle_boat":2,"minecraft:iron_chestplate":1,"minecraft:white_wool":2,"minecraft:dirt":20,"minecraft:crafting_table":8,"minecraft:jungle_planks":31,"minecraft:jungle_sapling":1,"minecraft:melon_slice":22,"minecraft:iron_pickaxe":31,"tombstone:grave_key":1,"medieval_craft_weapons:pole_axe":14,"minecraft:stone_axe":84,"minecraft:furnace":1,"tombstone:gift":1,"alexsmobs:animal_dictionary":2},"minecraft:killed":{"alexsmobs:hummingbird":1,"medieval_craft_weapons:archer":10,"medieval_craft_weapons:knight":8,"minecraft:sheep":2,"medieval_craft_weapons:soldier":24,"minecraft:zombie":1,"unusualprehistory:sludge":1,"medieval_craft_weapons:heavyknight":3},"minecraft:dropped":{"minecraft:iron_ingot":8,"alexsmobs:maggot":2,"alexsmobs:animal_dictionary":1,"minecraft:diamond":4,"unusualprehistory:tar_fossil_item":14,"minecraft:jungle_planks":15,"minecraft:chainmail_helmet":1,"minecraft:melon_slice":36,"minecraft:leather_boots":1,"minecraft:bow":1,"minecraft:wooden_pickaxe":1,"unusualprehistory:plant_fossil_item":3}},"DataVersion":3465}