{"stats":{"minecraft:crafted":{"minecraft:stone_shovel":1,"minecraft:furnace":1,"minecraft:diamond_leggings":1,"tombstone:grave_key":1,"minecraft:stone_pickaxe":1,"minecraft:chest":1,"minecraft:dark_oak_planks":212,"sophisticatedbackpacks:backpack":1,"minecraft:crafting_table":2,"minecraft:jungle_boat":1,"minecraft:wooden_pickaxe":1,"minecraft:stone_axe":2,"minecraft:air":0,"minecraft:jungle_planks":56,"minecraft:iron_chestplate":1,"minecraft:stick":12,"minecraft:iron_pickaxe":1,"minecraft:iron_ingot":11,"minecraft:acacia_planks":72,"minecraft:diamond_chestplate":1},"minecraft:killed_by":{"minecraft:player":1,"medieval_craft_weapons:heavyknight":7,"alexsmobs:elephant":1,"medieval_craft_weapons:archer":4,"unusualprehistory:sludge":1,"alexsmobs:komodo_dragon":1,"medieval_craft_weapons:knight":9,"medieval_craft_weapons:soldier":3},"minecraft:killed":{"alexsmobs:hummingbird":1,"minecraft:spider":2,"medieval_craft_weapons:archer":23,"medieval_craft_weapons:knight":16,"minecraft:skeleton":1,"medieval_craft_weapons:soldier":43,"alexsmobs:grizzly_bear":1,"minecraft:creeper":3,"minecraft:sheep":2,"minecraft:zombie":5,"alexsmobs:elephant":3,"alexsmobs:gazelle":2,"unusualprehistory:sludge":1,"alexsmobs:crow":1,"minecraft:enderman":1,"medieval_craft_weapons:heavyknight":4},"minecraft:used":{"minecraft:stone_shovel":41,"minecraft:spruce_planks":3,"minecraft:shield":39,"minecraft:iron_sword":227,"medieval_craft_weapons:sword_1":3,"minecraft:cooked_chicken":20,"minecraft:iron_chestplate":1,"minecraft:torch":1,"minecraft:dirt":20,"minecraft:spruce_stairs":1,"minecraft:jungle_planks":35,"minecraft:jungle_sapling":1,"minecraft:dark_oak_planks":210,"minecraft:stone_bricks":1,"minecraft:furnace":1,"tombstone:gift":1,"medieval_craft_weapons:spear_1":37,"minecraft:acacia_planks":43,"tombstone:scroll_of_mercy":5,"minecraft:mossy_stone_bricks":1,"minecraft:stone_pickaxe":14,"minecraft:wooden_pickaxe":15,"minecraft:sugar_cane":16,"minecraft:jungle_boat":2,"minecraft:white_wool":2,"minecraft:crafting_table":9,"minecraft:crossbow":3,"sophisticatedbackpacks:backpack":3,"minecraft:dark_oak_log":7,"minecraft:melon_slice":22,"minecraft:iron_pickaxe":89,"tombstone:grave_key":4,"minecraft:stone_axe":84,"medieval_craft_weapons:pole_axe":83,"alexsmobs:animal_dictionary":2},"minecraft:broken":{"minecraft:shield":1,"minecraft:stone_axe":1},"minecraft:picked_up":{"minecraft:crafting_table":7,"minecraft:iron_chestplate":3,"minecraft:wooden_pickaxe":1,"minecraft:shield":1,"alexsmobs:gazelle_horn":2,"medieval_craft_weapons:pole_axe":1,"minecraft:string":7,"minecraft:raw_copper":42,"minecraft:spruce_planks":3,"alexsmobs:elastic_tendon":2,"unusualprehistory:plant_fossil_item":4,"minecraft:jungle_sapling":1,"minecraft:spruce_slab":1,"minecraft:melon_slice":91,"minecraft:sugar_cane":16,"minecraft:chest":1,"minecraft:furnace":1,"medieval_craft_weapons:mace":1,"unusualprehistory:tar_fossil_item":29,"minecraft:stick":4,"minecraft:raw_iron":19,"minecraft:sandstone":10,"minecraft:torch":5,"medieval_craft_weapons:titanite_nugget_1":4,"minecraft:spruce_stairs":5,"sophisticatedbackpacks:backpack":4,"tombstone:grave_dust":1,"medieval_craft_weapons:spear_2":1,"minecraft:dark_oak_planks":25,"minecraft:rotten_flesh":3,"minecraft:mutton":4,"minecraft:white_wool":2,"minecraft:cobblestone":31,"minecraft:jungle_boat":3,"minecraft:feather":1,"minecraft:jungle_log":7,"minecraft:gunpowder":4,"minecraft:dirt":18,"minecraft:white_banner":1,"minecraft:leather_boots":1,"minecraft:bone":2,"minecraft:acacia_planks":3,"minecraft:stone_bricks":3,"minecraft:wheat_seeds":1,"minecraft:iron_ingot":11,"minecraft:stone_pickaxe":1,"minecraft:cooked_chicken":25,"minecraft:mossy_stone_bricks":1,"medieval_craft_weapons:plate_leggings":4,"minecraft:gravel":4,"minecraft:jungle_planks":18,"minecraft:leather_helmet":2,"medieval_craft_weapons:bullet":28,"minecraft:stone_axe":1,"minecraft:diamond":11,"minecraft:crossbow":1,"minecraft:emerald":1,"minecraft:chainmail_helmet":1,"minecraft:bread":30,"alexsmobs:maggot":2,"minecraft:baked_potato":30,"minecraft:coal":9,"unusualprehistory:mezo_fossil":13},"minecraft:mined":{"minecraft:dark_oak_planks":25,"minecraft:spruce_planks":4,"minecraft:jungle_leaves":2,"biomesoplenty:bush":4,"minecraft:grass_block":14,"minecraft:jungle_planks":3,"unusualprehistory:plant_fossil":4,"minecraft:jungle_log":7,"minecraft:sandstone":17,"minecraft:furnace":1,"minecraft:iron_ore":19,"minecraft:vine":2,"minecraft:iron_bars":1,"minecraft:stone":27,"unusualprehistory:stone_tar_fossil":10,"sophisticatedbackpacks:backpack":2,"minecraft:glass_pane":2,"minecraft:crafting_table":7,"minecraft:emerald_ore":1,"minecraft:melon":18,"minecraft:tall_grass":2,"minecraft:copper_ore":14,"minecraft:sugar_cane":3,"minecraft:wall_torch":7,"minecraft:spruce_stairs":4,"unusualprehistory:stone_fossil":13,"biomesoplenty:clover":2,"minecraft:grass":28,"minecraft:coal_ore":10,"minecraft:gravel":4,"minecraft:dirt":5,"minecraft:sand":21,"minecraft:cobweb":4,"minecraft:acacia_planks":3,"minecraft:stone_bricks":1,"unusualprehistory:splattered_tar":2,"minecraft:fern":3},"minecraft:custom":{"minecraft:mob_kills":114,"minecraft:interact_with_crafting_table":19,"minecraft:eat_cake_slice":6,"minecraft:leave_game":3,"minecraft:time_since_death":9121,"minecraft:climb_one_cm":10673,"minecraft:sprint_one_cm":305011,"minecraft:walk_one_cm":240124,"minecraft:damage_blocked_by_shield":2049,"minecraft:drop":110,"minecraft:damage_dealt_absorbed":56,"minecraft:play_time":133567,"minecraft:deaths":28,"minecraft:sneak_time":13417,"minecraft:walk_under_water_one_cm":13566,"minecraft:boat_one_cm":34401,"tombstone:tomb_raiding":1,"minecraft:jump":3254,"minecraft:walk_on_water_one_cm":16966,"minecraft:total_world_time":133567,"minecraft:interact_with_furnace":14,"minecraft:time_since_rest":8921,"minecraft:damage_taken":9147,"minecraft:damage_dealt":13160,"minecraft:swim_one_cm":36625,"minecraft:fly_one_cm":591409,"minecraft:player_kills":1,"minecraft:open_chest":71,"minecraft:crouch_one_cm":33126,"tombstone:undead_killed":6,"minecraft:fall_one_cm":91253},"minecraft:dropped":{"minecraft:iron_ingot":8,"minecraft:wheat_seeds":1,"minecraft:diamond":4,"minecraft:crossbow":1,"unusualprehistory:tar_fossil_item":15,"minecraft:jungle_planks":15,"tombstone:scroll_of_mercy":1,"minecraft:chainmail_helmet":1,"minecraft:leather_helmet":2,"minecraft:torch":2,"minecraft:melon_slice":69,"minecraft:diamond_helmet":1,"minecraft:jungle_boat":1,"minecraft:dark_oak_planks":7,"minecraft:string":1,"unusualprehistory:plant_fossil_item":4,"minecraft:stone_axe":1,"alexsmobs:maggot":2,"alexsmobs:animal_dictionary":1,"medieval_craft_weapons:plate_leggings":3,"minecraft:rotten_flesh":3,"sophisticatedbackpacks:backpack":1,"minecraft:iron_chestplate":3,"minecraft:leather_boots":2,"minecraft:chest":1,"minecraft:stone_bricks":2,"minecraft:spruce_log":64,"minecraft:bow":1,"minecraft:stone_pickaxe":1,"minecraft:wooden_pickaxe":2,"medieval_craft_weapons:pole_axe":1,"medieval_craft_weapons:spear_1":1}},"DataVersion":3465}