{"stats":{"minecraft:dropped":{"alexsmobs:animal_dictionary":1,"minecraft:jungle_planks":15},"minecraft:mined":{"minecraft:furnace":1,"minecraft:iron_ore":10,"minecraft:jungle_leaves":2,"minecraft:crafting_table":2,"minecraft:grass":7,"minecraft:emerald_ore":1,"minecraft:vine":2,"minecraft:jungle_log":7,"minecraft:stone":18,"minecraft:fern":1},"minecraft:killed_by":{"minecraft:player":1},"minecraft:crafted":{"minecraft:crafting_table":1,"minecraft:stick":12,"minecraft:iron_pickaxe":1,"minecraft:iron_ingot":3,"minecraft:wooden_pickaxe":1,"minecraft:stone_pickaxe":1,"minecraft:furnace":1,"minecraft:air":0,"minecraft:jungle_planks":28},"minecraft:used":{"minecraft:jungle_sapling":1,"minecraft:stone_pickaxe":14,"minecraft:iron_pickaxe":1,"minecraft:wooden_pickaxe":15,"minecraft:crafting_table":4,"minecraft:furnace":1,"alexsmobs:animal_dictionary":2},"minecraft:custom":{"minecraft:time_since_rest":6564,"minecraft:interact_with_furnace":3,"minecraft:sprint_one_cm":17023,"minecraft:damage_taken":393,"minecraft:walk_one_cm":22446,"minecraft:drop":2,"minecraft:damage_dealt":273,"minecraft:interact_with_crafting_table":5,"minecraft:fly_one_cm":34464,"minecraft:player_kills":1,"minecraft:crouch_one_cm":6761,"minecraft:play_time":12310,"minecraft:deaths":1,"minecraft:sneak_time":1770,"tombstone:tomb_raiding":1,"minecraft:jump":323,"minecraft:time_since_death":6974,"minecraft:climb_one_cm":462,"minecraft:total_world_time":12310,"minecraft:fall_one_cm":8360},"minecraft:picked_up":{"minecraft:crafting_table":3,"minecraft:stick":2,"minecraft:raw_iron":10,"minecraft:jungle_log":7,"minecraft:jungle_planks":15,"minecraft:emerald":1,"minecraft:jungle_sapling":1,"minecraft:cobblestone":22,"minecraft:furnace":1}},"DataVersion":3465}