{"stats":{"minecraft:mined":{"minecraft:dark_oak_planks":25,"minecraft:spruce_planks":4,"minecraft:cobblestone_stairs":1,"minecraft:jungle_leaves":2,"unusualprehistory:stone_amber_ore":6,"minecraft:obsidian":21,"unusualprehistory:deepslate_opal_ore":12,"minecraft:grass_block":128,"unusualprehistory:deepslate_fossil":7,"unusualprehistory:plant_fossil":16,"minecraft:jungle_log":7,"biomesoplenty:jacaranda_stairs":8,"diagonalfences:biomesoplenty/jacaranda_fence":1,"biomesoplenty:tall_lavender":14,"minecraft:iron_ore":21,"biomesoplenty:lavender":55,"minecraft:anvil":1,"minecraft:iron_bars":1,"unusualprehistory:stone_tar_fossil":72,"biomesoplenty:jacaranda_leaves":165,"minecraft:red_bed":2,"biomesoplenty:jacaranda_planks":18,"minecraft:smoker":1,"biomesoplenty:jacaranda_slab":5,"unusualprehistory:analyzer":1,"minecraft:clay":3,"minecraft:torch":9,"minecraft:calcite":5,"minecraft:melon":18,"minecraft:chest":1,"minecraft:glass":1,"minecraft:cobblestone":18,"minecraft:sugar_cane":5,"minecraft:oak_planks":1,"minecraft:wall_torch":12,"minecraft:amethyst_block":6,"minecraft:skeleton_skull":1,"minecraft:seagrass":2,"sophisticatedbackpacks:diamond_backpack":1,"minecraft:wheat":10,"unusualprehistory:stone_fossil":47,"biomesoplenty:large_rose_quartz_bud":2,"minecraft:smooth_stone_slab":1,"minecraft:grass":153,"biomesoplenty:clover":2,"minecraft:sand":404,"minecraft:dirt":408,"minecraft:smooth_basalt":5,"unusualprehistory:splattered_tar":2,"minecraft:oak_leaves":1,"minecraft:deepslate":129,"biomesoplenty:reed":2,"minecraft:tuff":25,"minecraft:mossy_cobblestone":1,"minecraft:deepslate_diamond_ore":12,"biomesoplenty:bush":8,"minecraft:jungle_planks":3,"minecraft:redstone_wire":1,"minecraft:moss_block":1,"minecraft:sandstone":17,"minecraft:large_fern":1,"biomesoplenty:jacaranda_log":100,"minecraft:furnace":1,"minecraft:andesite":2,"minecraft:diamond_block":4,"minecraft:deepslate_iron_ore":1,"minecraft:vine":2,"minecraft:rail":1,"biomesoplenty:barley":8,"minecraft:bamboo":1,"biomesoplenty:spider_egg":1,"minecraft:stone":728,"biomesoplenty:rose_quartz_cluster":1,"sophisticatedbackpacks:backpack":4,"minecraft:flowering_azalea":1,"unusualprehistory:deepslate_plant_fossil":2,"minecraft:glass_pane":2,"unusualprehistory:stone_opal_ore":1,"minecraft:oak_fence":1,"minecraft:crafting_table":10,"minecraft:emerald_ore":1,"minecraft:tall_grass":6,"minecraft:copper_ore":14,"minecraft:lapis_ore":4,"minecraft:sculk":6,"minecraft:diorite":3,"minecraft:spruce_stairs":4,"minecraft:coal_ore":20,"minecraft:gravel":14,"biomesoplenty:stringy_cobweb":1,"minecraft:cobweb":4,"minecraft:acacia_planks":6,"minecraft:stone_bricks":4,"minecraft:mossy_stone_bricks":1,"minecraft:fern":4},"minecraft:killed":{"alexsmobs:hummingbird":1,"minecraft:cave_spider":1,"minecraft:zombified_piglin":1,"minecraft:spider":4,"medieval_craft_weapons:knight":22,"minecraft:skeleton":13,"medieval_craft_weapons:soldier":60,"minecraft:chicken":5,"minecraft:pig":1,"alexsmobs:grizzly_bear":1,"minecraft:creeper":3,"minecraft:sheep":2,"medieval_craft_weapons:romanlegionary":53,"minecraft:zombie":24,"medieval_craft_weapons:romancenturion":5,"medieval_craft_weapons:heavyknight":8,"alexsmobs:dropbear":1,"medieval_craft_weapons:archer":26,"minecraft:bat":1,"alexsmobs:crocodile":1,"alexsmobs:elephant":3,"alexsmobs:gazelle":2,"unusualprehistory:sludge":2,"alexsmobs:crow":1,"minecraft:enderman":3},"minecraft:dropped":{"minecraft:iron_sword":1,"medieval_craft_weapons:rapier":1,"unusualprehistory:raptor_eggs":1,"minecraft:porkchop":3,"minecraft:diamond_axe":1,"minecraft:cooked_beef":23,"medieval_craft_weapons:gladius":3,"minecraft:diamond":81,"minecraft:crossbow":1,"unusualprehistory:tar_fossil_item":15,"minecraft:leather":1,"biomesoplenty:rose_quartz_chunk":2,"minecraft:jungle_planks":15,"unusualprehistory:kentro_flask":2,"minecraft:leather_helmet":2,"minecraft:cobblestone_stairs":1,"minecraft:flint":1,"minecraft:dirt":414,"minecraft:large_fern":3,"unusualprehistory:opal_chunk":2,"minecraft:dark_oak_planks":7,"unusualprehistory:plant_fossil_item":5,"minecraft:bone":2,"minecraft:gravel":5,"minecraft:stone_axe":1,"minecraft:iron_nugget":6,"alexsmobs:animal_dictionary":1,"medieval_craft_weapons:plate_leggings":4,"minecraft:obsidian":20,"unusualprehistory:ulugh_flask":2,"unusualprehistory:talpanas_flask":16,"minecraft:rotten_flesh":17,"biomesoplenty:jacaranda_slab":180,"unusualprehistory:flask":24,"minecraft:skeleton_skull":1,"minecraft:leather_boots":2,"minecraft:chest":3,"minecraft:spruce_slab":1,"minecraft:arrow":1,"minecraft:glass":3,"biomesoplenty:tall_lavender":6,"minecraft:iron_ingot":8,"medieval_craft_weapons:legionary_chestplate":3,"medieval_craft_weapons:soldiera_boots":1,"biomesoplenty:jacaranda_sapling":18,"minecraft:wheat_seeds":53,"minecraft:golden_horse_armor":1,"minecraft:diamond_leggings":1,"minecraft:feather":6,"biomesoplenty:lavender":4,"minecraft:book":3,"minecraft:cobblestone":449,"biomesoplenty:jacaranda_planks":272,"minecraft:purple_dye":118,"tombstone:scroll_of_mercy":1,"minecraft:chainmail_helmet":1,"minecraft:stick":19,"minecraft:wooden_hoe":1,"unusualprehistory:encyclopedia":3,"minecraft:torch":3,"minecraft:melon_slice":69,"unusualprehistory:antarcto_flask":3,"minecraft:diamond_helmet":1,"tombstone:grave_dust":9,"minecraft:flowering_azalea":1,"minecraft:jungle_boat":1,"minecraft:mud":1,"minecraft:string":3,"minecraft:redstone":11,"minecraft:moss_carpet":2,"alexsmobs:maggot":2,"minecraft:smooth_stone_slab":1,"minecraft:raw_iron":11,"minecraft:chicken":16,"unusualprehistory:raptor_flask":4,"unusualprehistory:austro_flask":4,"minecraft:clay_ball":12,"alexscaves:cave_codex":1,"sophisticatedbackpacks:backpack":1,"minecraft:name_tag":1,"unusualprehistory:eryon_flask":2,"minecraft:purple_stained_glass":4,"minecraft:stone":64,"unusualprehistory:anuro_flask":3,"minecraft:shield":2,"minecraft:oak_button":8,"unusualprehistory:barin_flask":12,"minecraft:diamond_chestplate":1,"minecraft:diamond_pickaxe":2,"minecraft:iron_chestplate":3,"minecraft:stone_bricks":2,"minecraft:bamboo":11,"minecraft:diamond_boots":1,"minecraft:spruce_log":64,"minecraft:bow":3,"minecraft:stone_pickaxe":1,"minecraft:wooden_pickaxe":2,"medieval_craft_weapons:pole_axe":2,"medieval_craft_weapons:spear_1":1},"minecraft:crafted":{"minecraft:oak_planks":12,"unusualprehistory:flask":105,"minecraft:stone":91,"unusualprehistory:cultivator":1,"minecraft:glass":169,"minecraft:diamond_helmet":2,"minecraft:diamond_leggings":2,"tombstone:grave_key":1,"minecraft:chest":3,"minecraft:oak_button":4,"biomesoplenty:jacaranda_stairs":32,"sophisticatedbackpacks:backpack":1,"biomesoplenty:jacaranda_planks":532,"minecraft:crafting_table":5,"minecraft:jungle_boat":1,"minecraft:wooden_pickaxe":1,"unusualprehistory:analyzer":1,"biomesoplenty:jacaranda_fence_gate":1,"minecraft:copper_ingot":21,"minecraft:birch_planks":128,"biomesoplenty:jacaranda_slab":576,"biomesoplenty:jacaranda_fence":3,"minecraft:purple_dye":64,"minecraft:wooden_hoe":2,"minecraft:iron_chestplate":1,"minecraft:charcoal":5,"minecraft:diamond_pickaxe":2,"sophisticatedbackpacks:diamond_backpack":1,"minecraft:stick":60,"minecraft:stone_slab":6,"minecraft:iron_ingot":11,"minecraft:iron_pickaxe":1,"minecraft:shears":1,"unusualprehistory:encyclopedia":1,"minecraft:stone_shovel":3,"minecraft:furnace":1,"minecraft:bone_meal":18,"minecraft:diamond":45,"minecraft:iron_axe":1,"unusualprehistory:organic_ooze":27,"minecraft:stone_pickaxe":1,"minecraft:diamond_boots":1,"minecraft:redstone_block":2,"minecraft:dark_oak_planks":212,"sophisticatedbackpacks:iron_backpack":1,"minecraft:purple_stained_glass":16,"sophisticatedbackpacks:gold_backpack":1,"minecraft:bucket":1,"minecraft:stone_axe":2,"minecraft:air":0,"minecraft:jungle_planks":84,"minecraft:iron_shovel":2,"minecraft:acacia_planks":88,"minecraft:torch":136,"minecraft:diamond_chestplate":2},"minecraft:used":{"minecraft:iron_shovel":501,"minecraft:chest":2,"minecraft:shield":76,"minecraft:stone":71,"minecraft:iron_sword":407,"minecraft:grass":1,"minecraft:iron_chestplate":1,"minecraft:jungle_planks":35,"minecraft:axolotl_bucket":3,"sophisticatedbackpacks:diamond_backpack":2,"minecraft:jungle_sapling":1,"minecraft:glass":1,"minecraft:lantern":1,"unusualprehistory:analyzer":2,"minecraft:stone_bricks":4,"minecraft:bow":102,"minecraft:furnace":2,"minecraft:egg":4,"biomesoplenty:jacaranda_fence":4,"minecraft:mossy_stone_bricks":1,"minecraft:stone_pickaxe":14,"minecraft:ender_pearl":2,"minecraft:wooden_pickaxe":15,"biomesoplenty:lavender":1,"minecraft:sugar_cane":16,"minecraft:diamond_axe":39,"medieval_craft_weapons:gladius":122,"minecraft:jungle_boat":4,"minecraft:white_wool":2,"minecraft:sand":1,"minecraft:crossbow":3,"minecraft:shears":127,"biomesoplenty:jacaranda_planks":51,"waystones:waystone":2,"sophisticatedbackpacks:backpack":5,"minecraft:dark_oak_log":7,"minecraft:melon_slice":22,"tombstone:grave_key":9,"minecraft:gravel":3,"minecraft:lilac":1,"medieval_craft_weapons:pole_axe":132,"unusualprehistory:encyclopedia":21,"minecraft:andesite":1,"biomesoplenty:jacaranda_leaves":122,"minecraft:bone_meal":18,"biomesoplenty:jacaranda_fence_gate":1,"minecraft:stone_shovel":399,"minecraft:spruce_planks":3,"medieval_craft_weapons:sword_1":3,"minecraft:cooked_chicken":79,"minecraft:torch":133,"minecraft:dirt":204,"minecraft:anvil":1,"minecraft:spruce_stairs":1,"unusualprehistory:cultivator":1,"minecraft:diamond_helmet":1,"biomesoplenty:jacaranda_slab":405,"minecraft:dark_oak_planks":210,"minecraft:iron_axe":62,"biomesoplenty:tall_lavender":1,"medieval_craft_weapons:rapier":420,"biomesoplenty:jacaranda_stairs":57,"minecraft:diamond_chestplate":1,"unusualprehistory:raptor_eggs":1,"tombstone:gift":1,"medieval_craft_weapons:spear_1":37,"minecraft:cooked_beef":2,"minecraft:acacia_planks":93,"minecraft:cobbled_deepslate":4,"unusualprehistory:tar_bucket":4,"minecraft:wheat_seeds":23,"tombstone:scroll_of_mercy":5,"minecraft:water_bucket":32,"tombstone:scroll_of_knowledge":1,"minecraft:baked_potato":42,"unusualprehistory:ulugh_eggs":2,"minecraft:crafting_table":15,"minecraft:red_bed":2,"minecraft:smoker":1,"minecraft:purple_stained_glass":12,"minecraft:wooden_hoe":53,"minecraft:diamond_pickaxe":1105,"minecraft:iron_pickaxe":93,"minecraft:stone_axe":84,"minecraft:cobblestone":47,"minecraft:cooked_porkchop":6,"minecraft:bucket":40,"alexsmobs:animal_dictionary":2,"minecraft:diamond_leggings":1},"minecraft:broken":{"minecraft:iron_shovel":2,"minecraft:diamond_helmet":2,"minecraft:diamond_boots":1,"minecraft:stone_axe":1,"minecraft:bow":1,"minecraft:stone_shovel":3,"medieval_craft_weapons:pole_axe":1,"minecraft:shield":2},"minecraft:killed_by":{"minecraft:creeper":2,"medieval_craft_weapons:heavyknight":8,"alexsmobs:elephant":1,"medieval_craft_weapons:archer":6,"unusualprehistory:sludge":1,"alexsmobs:crocodile":1,"medieval_craft_weapons:romanlegionary":8,"minecraft:zombie":1,"alexsmobs:komodo_dragon":1,"medieval_craft_weapons:knight":14,"medieval_craft_weapons:soldier":11,"minecraft:player":4,"medieval_craft_weapons:romancenturion":2},"minecraft:custom":{"minecraft:interact_with_crafting_table":116,"minecraft:open_barrel":6,"minecraft:eat_cake_slice":6,"minecraft:leave_game":8,"minecraft:time_since_death":74303,"minecraft:sprint_one_cm":1310803,"minecraft:damage_blocked_by_shield":3953,"minecraft:drop":739,"minecraft:play_time":514908,"minecraft:deaths":62,"tombstone:tomb_raiding":1,"minecraft:jump":11272,"minecraft:walk_on_water_one_cm":72619,"minecraft:enchant_item":2,"minecraft:interact_with_furnace":147,"minecraft:interact_with_loom":4,"minecraft:sleep_in_bed":4,"minecraft:waystone_activated":7,"minecraft:damage_dealt":33352,"minecraft:player_kills":1,"minecraft:crouch_one_cm":207287,"tombstone:undead_killed":38,"minecraft:interact_with_smoker":6,"minecraft:horse_one_cm":231,"minecraft:interact_with_anvil":6,"minecraft:mob_kills":255,"minecraft:climb_one_cm":16980,"minecraft:walk_one_cm":1012639,"minecraft:damage_dealt_absorbed":56,"minecraft:sneak_time":60037,"minecraft:walk_under_water_one_cm":30882,"minecraft:boat_one_cm":34401,"minecraft:interact_with_blast_furnace":3,"minecraft:total_world_time":514908,"minecraft:interact_with_grindstone":2,"minecraft:time_since_rest":74081,"minecraft:damage_taken":22934,"minecraft:swim_one_cm":62643,"minecraft:fly_one_cm":1992723,"minecraft:open_chest":238,"minecraft:fall_one_cm":318998},"minecraft:picked_up":{"minecraft:iron_chestplate":3,"minecraft:wheat":10,"unusualprehistory:amber_shard":5,"minecraft:anvil":1,"unusualprehistory:antarcto_flask":3,"alexscaves:cave_tablet":2,"alexsmobs:gazelle_horn":2,"medieval_craft_weapons:pole_axe":3,"minecraft:string":12,"minecraft:raw_copper":42,"minecraft:smooth_stone_slab":1,"biomesoplenty:tall_lavender":19,"alexsmobs:dropbear_claw":2,"minecraft:cobbled_deepslate":124,"minecraft:spruce_planks":4,"unusualprehistory:barin_flask":12,"minecraft:calcite":3,"unusualprehistory:plant_fossil_item":19,"minecraft:melon_slice":91,"minecraft:furnace":1,"medieval_craft_weapons:mace":1,"minecraft:stick":27,"minecraft:oak_fence":1,"minecraft:torch":16,"minecraft:spruce_stairs":5,"minecraft:porkchop":3,"minecraft:diorite":2,"tombstone:grave_dust":10,"medieval_craft_weapons:spear_2":1,"unusualprehistory:beelz_flask":1,"unusualprehistory:paracer_flask":18,"minecraft:rotten_flesh":21,"biomesoplenty:rose_quartz_chunk":2,"unusualprehistory:megala_flask":17,"medieval_craft_weapons:rapier":1,"minecraft:obsidian":26,"minecraft:cobblestone":1517,"biomesoplenty:lavender":42,"minecraft:cooked_beef":1,"minecraft:feather":6,"minecraft:lilac":1,"minecraft:repeater":1,"minecraft:andesite":1,"minecraft:jungle_log":7,"minecraft:smoker":1,"unusualprehistory:anuro_flask":5,"minecraft:flint":1,"minecraft:tuff":24,"minecraft:lapis_lazuli":23,"minecraft:dirt":616,"minecraft:lantern":1,"minecraft:leather_boots":1,"unusualprehistory:austro_flask":7,"minecraft:glass":3,"minecraft:bone":21,"unusualprehistory:analyzer":1,"minecraft:acacia_planks":10,"minecraft:bow":3,"minecraft:wheat_seeds":70,"unusualprehistory:flask":24,"minecraft:mossy_stone_bricks":1,"minecraft:bamboo":22,"minecraft:oak_planks":3,"minecraft:cooked_porkchop":8,"minecraft:jungle_planks":18,"minecraft:sand":379,"unusualprehistory:pachy_flask":1,"medieval_craft_weapons:legionary_chestplate":3,"minecraft:diamond_block":5,"unusualprehistory:eryon_flask":3,"medieval_craft_weapons:bullet":28,"minecraft:diamond":23,"waystones:waystone":2,"minecraft:crossbow":1,"minecraft:grass":1,"minecraft:chainmail_helmet":1,"minecraft:bread":30,"minecraft:golden_horse_armor":1,"minecraft:emerald":1,"alexsmobs:maggot":2,"minecraft:diamond_pickaxe":2,"minecraft:charcoal":16,"minecraft:mud":1,"minecraft:crafting_table":10,"minecraft:chicken":16,"minecraft:clay_ball":12,"unusualprehistory:kentro_flask":2,"minecraft:wooden_pickaxe":1,"biomesoplenty:jacaranda_sapling":19,"minecraft:shield":3,"unusualprehistory:opal_chunk":9,"minecraft:red_bed":2,"biomesoplenty:jacaranda_fence":1,"minecraft:moss_carpet":1,"minecraft:large_fern":2,"biomesoplenty:jacaranda_slab":9,"unusualprehistory:paleo_fossil":7,"alexsmobs:elastic_tendon":2,"minecraft:jungle_sapling":1,"minecraft:spruce_slab":2,"minecraft:sugar_cane":16,"minecraft:chest":3,"minecraft:egg":3,"unusualprehistory:tar_fossil_item":94,"minecraft:raw_iron":22,"minecraft:sandstone":10,"minecraft:stone":44,"medieval_craft_weapons:titanite_nugget_1":6,"sophisticatedbackpacks:backpack":6,"minecraft:carrot":1,"minecraft:redstone":132,"medieval_craft_weapons:soldiera_boots":1,"minecraft:dark_oak_planks":25,"minecraft:arrow":8,"biomesoplenty:jacaranda_log":133,"unusualprehistory:raptor_flask":6,"biomesoplenty:jacaranda_stairs":25,"minecraft:diamond_boots":1,"unusualprehistory:opal_fossil":3,"minecraft:mutton":4,"minecraft:rail":1,"minecraft:skeleton_skull":1,"minecraft:white_wool":2,"minecraft:jungle_boat":5,"minecraft:leather":1,"biomesoplenty:jacaranda_planks":141,"minecraft:gunpowder":4,"minecraft:cobblestone_stairs":1,"minecraft:white_banner":1,"unusualprehistory:talpanas_flask":28,"minecraft:stone_bricks":6,"minecraft:iron_ingot":11,"minecraft:stone_pickaxe":1,"minecraft:cooked_chicken":25,"medieval_craft_weapons:gladius":4,"minecraft:flowering_azalea":1,"sophisticatedbackpacks:diamond_backpack":1,"minecraft:book":3,"minecraft:smooth_basalt":5,"medieval_craft_weapons:plate_leggings":6,"minecraft:gravel":12,"biomesoplenty:jacaranda_leaves":122,"minecraft:spider_eye":2,"minecraft:leather_helmet":2,"minecraft:slime_ball":65,"minecraft:stone_axe":1,"minecraft:diamond_axe":1,"unusualprehistory:ulugh_flask":4,"minecraft:oak_button":4,"minecraft:baked_potato":30,"tombstone:magic_scroll":2,"unusualprehistory:encyclopedia":2,"minecraft:coal":81,"unusualprehistory:mezo_fossil":67,"minecraft:ender_pearl":2}},"DataVersion":3465}