{"stats":{"minecraft:custom":{"minecraft:time_since_rest":13433,"minecraft:interact_with_furnace":8,"minecraft:sprint_one_cm":84987,"minecraft:damage_taken":893,"minecraft:walk_one_cm":48669,"minecraft:mob_kills":4,"minecraft:drop":22,"minecraft:damage_dealt":1286,"minecraft:swim_one_cm":23092,"minecraft:player_kills":1,"minecraft:interact_with_crafting_table":7,"minecraft:fly_one_cm":214750,"minecraft:crouch_one_cm":8216,"minecraft:play_time":34173,"minecraft:deaths":3,"minecraft:sneak_time":3172,"minecraft:walk_under_water_one_cm":5885,"tombstone:tomb_raiding":1,"minecraft:jump":974,"minecraft:leave_game":1,"minecraft:time_since_death":14681,"minecraft:walk_on_water_one_cm":3239,"minecraft:climb_one_cm":1700,"minecraft:total_world_time":34173,"minecraft:fall_one_cm":30701},"minecraft:picked_up":{"unusualprehistory:tar_fossil_item":28,"minecraft:crafting_table":5,"minecraft:stick":2,"minecraft:raw_iron":10,"minecraft:jungle_boat":2,"minecraft:jungle_log":7,"minecraft:jungle_planks":15,"minecraft:shield":1,"minecraft:dirt":1,"unusualprehistory:plant_fossil_item":3,"minecraft:jungle_sapling":1,"minecraft:emerald":1,"minecraft:melon_slice":91,"minecraft:coal":9,"minecraft:mutton":4,"minecraft:white_wool":2,"minecraft:cobblestone":25,"minecraft:furnace":1},"minecraft:crafted":{"minecraft:crafting_table":1,"tombstone:grave_key":1,"minecraft:jungle_boat":1,"minecraft:stick":12,"minecraft:wooden_pickaxe":1,"minecraft:iron_ingot":3,"minecraft:iron_pickaxe":1,"minecraft:stone_pickaxe":1,"minecraft:furnace":1,"minecraft:stone_axe":1,"minecraft:air":0,"minecraft:jungle_planks":28},"minecraft:mined":{"minecraft:furnace":1,"minecraft:iron_ore":10,"minecraft:jungle_leaves":2,"minecraft:crafting_table":4,"minecraft:grass":19,"minecraft:emerald_ore":1,"minecraft:grass_block":1,"minecraft:coal_ore":9,"minecraft:melon":18,"minecraft:vine":2,"unusualprehistory:plant_fossil":3,"minecraft:jungle_log":7,"minecraft:tall_grass":1,"minecraft:stone":21,"unusualprehistory:stone_tar_fossil":10,"unusualprehistory:splattered_tar":2,"minecraft:fern":3},"minecraft:killed_by":{"alexsmobs:komodo_dragon":1,"minecraft:player":1,"unusualprehistory:sludge":1},"minecraft:used":{"minecraft:jungle_sapling":1,"minecraft:stone_pickaxe":14,"minecraft:melon_slice":15,"minecraft:iron_pickaxe":26,"minecraft:wooden_pickaxe":15,"minecraft:jungle_boat":2,"minecraft:stone_axe":34,"minecraft:crafting_table":5,"minecraft:furnace":1,"alexsmobs:animal_dictionary":2,"tombstone:gift":1},"minecraft:killed":{"minecraft:sheep":2,"alexsmobs:hummingbird":1,"unusualprehistory:sludge":1},"minecraft:dropped":{"alexsmobs:animal_dictionary":1,"minecraft:melon_slice":36,"unusualprehistory:tar_fossil_item":14,"minecraft:jungle_planks":15,"minecraft:wooden_pickaxe":1,"unusualprehistory:plant_fossil_item":3}},"DataVersion":3465}