{"stats":{"minecraft:crafted":{"minecraft:stone_shovel":1,"minecraft:furnace":1,"minecraft:diamond_leggings":1,"tombstone:grave_key":1,"minecraft:stone_pickaxe":1,"minecraft:chest":1,"minecraft:dark_oak_planks":212,"sophisticatedbackpacks:iron_backpack":1,"sophisticatedbackpacks:backpack":1,"minecraft:crafting_table":3,"minecraft:jungle_boat":1,"minecraft:wooden_pickaxe":1,"sophisticatedbackpacks:gold_backpack":1,"minecraft:stone_axe":2,"minecraft:air":0,"minecraft:jungle_planks":56,"minecraft:iron_chestplate":1,"minecraft:diamond_pickaxe":1,"sophisticatedbackpacks:diamond_backpack":1,"minecraft:stick":16,"minecraft:iron_pickaxe":1,"minecraft:iron_ingot":11,"minecraft:acacia_planks":88,"minecraft:diamond_chestplate":1},"minecraft:killed_by":{"minecraft:player":1,"medieval_craft_weapons:heavyknight":8,"alexsmobs:elephant":1,"medieval_craft_weapons:archer":4,"unusualprehistory:sludge":1,"alexsmobs:komodo_dragon":1,"medieval_craft_weapons:knight":13,"medieval_craft_weapons:soldier":6},"minecraft:killed":{"alexsmobs:hummingbird":1,"minecraft:spider":3,"medieval_craft_weapons:archer":25,"medieval_craft_weapons:knight":16,"minecraft:skeleton":7,"medieval_craft_weapons:soldier":48,"alexsmobs:grizzly_bear":1,"minecraft:creeper":3,"minecraft:sheep":2,"minecraft:zombie":8,"alexsmobs:elephant":3,"alexsmobs:gazelle":2,"unusualprehistory:sludge":1,"alexsmobs:crow":1,"minecraft:enderman":1,"medieval_craft_weapons:heavyknight":6},"minecraft:used":{"minecraft:stone_shovel":41,"minecraft:spruce_planks":3,"minecraft:shield":39,"minecraft:iron_sword":314,"medieval_craft_weapons:sword_1":3,"minecraft:cooked_chicken":32,"minecraft:iron_chestplate":1,"minecraft:torch":1,"minecraft:dirt":20,"minecraft:spruce_stairs":1,"minecraft:jungle_planks":35,"minecraft:jungle_sapling":1,"minecraft:dark_oak_planks":210,"minecraft:stone_bricks":1,"minecraft:furnace":1,"tombstone:gift":1,"medieval_craft_weapons:spear_1":37,"minecraft:acacia_planks":79,"tombstone:scroll_of_mercy":5,"minecraft:mossy_stone_bricks":1,"tombstone:scroll_of_knowledge":1,"minecraft:stone_pickaxe":14,"minecraft:wooden_pickaxe":15,"minecraft:sugar_cane":16,"minecraft:jungle_boat":3,"minecraft:white_wool":2,"minecraft:crafting_table":11,"minecraft:crossbow":3,"sophisticatedbackpacks:backpack":5,"minecraft:diamond_pickaxe":2,"minecraft:dark_oak_log":7,"minecraft:melon_slice":22,"minecraft:iron_pickaxe":93,"tombstone:grave_key":5,"minecraft:stone_axe":84,"medieval_craft_weapons:pole_axe":87,"alexsmobs:animal_dictionary":2},"minecraft:broken":{"minecraft:diamond_helmet":1,"minecraft:shield":1,"minecraft:stone_axe":1},"minecraft:picked_up":{"minecraft:crafting_table":9,"minecraft:iron_chestplate":3,"minecraft:wooden_pickaxe":1,"alexscaves:cave_tablet":2,"biomesoplenty:jacaranda_sapling":1,"minecraft:shield":1,"unusualprehistory:opal_chunk":3,"alexsmobs:gazelle_horn":2,"medieval_craft_weapons:pole_axe":1,"minecraft:string":10,"minecraft:raw_copper":42,"biomesoplenty:tall_lavender":11,"minecraft:spruce_planks":3,"alexsmobs:elastic_tendon":2,"unusualprehistory:plant_fossil_item":4,"minecraft:jungle_sapling":1,"minecraft:spruce_slab":2,"minecraft:melon_slice":91,"minecraft:sugar_cane":16,"minecraft:chest":1,"minecraft:furnace":1,"medieval_craft_weapons:mace":1,"unusualprehistory:tar_fossil_item":29,"minecraft:stick":5,"minecraft:raw_iron":21,"minecraft:sandstone":10,"minecraft:torch":5,"medieval_craft_weapons:titanite_nugget_1":4,"minecraft:spruce_stairs":5,"sophisticatedbackpacks:backpack":6,"tombstone:grave_dust":1,"medieval_craft_weapons:spear_2":1,"minecraft:dark_oak_planks":25,"minecraft:arrow":3,"minecraft:rotten_flesh":9,"minecraft:mutton":4,"minecraft:white_wool":2,"minecraft:cobblestone":31,"biomesoplenty:lavender":29,"minecraft:jungle_boat":4,"minecraft:feather":1,"minecraft:jungle_log":7,"minecraft:gunpowder":4,"minecraft:dirt":18,"minecraft:white_banner":1,"minecraft:leather_boots":1,"minecraft:bone":9,"minecraft:acacia_planks":4,"minecraft:stone_bricks":3,"minecraft:bow":2,"minecraft:wheat_seeds":16,"minecraft:iron_ingot":11,"minecraft:stone_pickaxe":1,"minecraft:cooked_chicken":25,"minecraft:mossy_stone_bricks":1,"minecraft:oak_planks":1,"medieval_craft_weapons:plate_leggings":5,"minecraft:gravel":4,"minecraft:jungle_planks":18,"minecraft:spider_eye":2,"minecraft:leather_helmet":2,"medieval_craft_weapons:bullet":28,"minecraft:stone_axe":1,"minecraft:diamond":12,"minecraft:crossbow":1,"minecraft:emerald":1,"minecraft:chainmail_helmet":1,"minecraft:bread":30,"tombstone:magic_scroll":1,"alexsmobs:maggot":2,"minecraft:baked_potato":30,"minecraft:coal":9,"unusualprehistory:mezo_fossil":13},"minecraft:mined":{"minecraft:dark_oak_planks":25,"minecraft:spruce_planks":4,"minecraft:deepslate_diamond_ore":1,"minecraft:jungle_leaves":2,"biomesoplenty:bush":4,"unusualprehistory:deepslate_opal_ore":2,"minecraft:grass_block":14,"minecraft:jungle_planks":3,"unusualprehistory:plant_fossil":4,"minecraft:jungle_log":7,"minecraft:sandstone":17,"biomesoplenty:tall_lavender":11,"minecraft:furnace":1,"minecraft:iron_ore":21,"biomesoplenty:lavender":35,"minecraft:vine":2,"minecraft:iron_bars":1,"biomesoplenty:barley":8,"minecraft:stone":27,"unusualprehistory:stone_tar_fossil":10,"sophisticatedbackpacks:backpack":4,"biomesoplenty:jacaranda_leaves":13,"minecraft:glass_pane":2,"minecraft:crafting_table":9,"minecraft:emerald_ore":1,"minecraft:melon":18,"minecraft:tall_grass":2,"minecraft:copper_ore":14,"minecraft:oak_planks":1,"minecraft:sugar_cane":3,"minecraft:sculk":6,"minecraft:wall_torch":7,"minecraft:spruce_stairs":4,"unusualprehistory:stone_fossil":13,"biomesoplenty:clover":2,"minecraft:grass":59,"minecraft:coal_ore":10,"minecraft:gravel":4,"minecraft:dirt":5,"minecraft:sand":21,"minecraft:cobweb":4,"minecraft:acacia_planks":4,"minecraft:stone_bricks":1,"minecraft:mossy_stone_bricks":1,"unusualprehistory:splattered_tar":2,"biomesoplenty:reed":2,"minecraft:fern":3},"minecraft:custom":{"minecraft:mob_kills":135,"minecraft:interact_with_crafting_table":25,"minecraft:open_barrel":6,"minecraft:eat_cake_slice":6,"minecraft:leave_game":4,"minecraft:time_since_death":1551,"minecraft:climb_one_cm":11854,"minecraft:sprint_one_cm":373709,"minecraft:walk_one_cm":311376,"minecraft:damage_blocked_by_shield":2049,"minecraft:drop":146,"minecraft:damage_dealt_absorbed":56,"minecraft:play_time":158285,"minecraft:deaths":36,"minecraft:sneak_time":15182,"minecraft:walk_under_water_one_cm":14225,"minecraft:boat_one_cm":34401,"tombstone:tomb_raiding":1,"minecraft:jump":3887,"minecraft:walk_on_water_one_cm":21226,"minecraft:total_world_time":158285,"minecraft:interact_with_furnace":17,"minecraft:interact_with_loom":4,"minecraft:time_since_rest":1457,"minecraft:damage_taken":11715,"minecraft:damage_dealt":16247,"minecraft:swim_one_cm":36625,"minecraft:fly_one_cm":684997,"minecraft:player_kills":1,"minecraft:open_chest":83,"minecraft:crouch_one_cm":34748,"tombstone:undead_killed":15,"minecraft:fall_one_cm":106881},"minecraft:dropped":{"minecraft:iron_ingot":8,"minecraft:wheat_seeds":16,"minecraft:diamond":4,"minecraft:crossbow":1,"minecraft:feather":1,"unusualprehistory:tar_fossil_item":15,"minecraft:jungle_planks":15,"tombstone:scroll_of_mercy":1,"minecraft:chainmail_helmet":1,"minecraft:leather_helmet":2,"minecraft:stick":3,"minecraft:torch":2,"minecraft:melon_slice":69,"minecraft:diamond_helmet":1,"unusualprehistory:opal_chunk":2,"minecraft:jungle_boat":1,"minecraft:dark_oak_planks":7,"minecraft:string":1,"unusualprehistory:plant_fossil_item":4,"minecraft:bone":2,"minecraft:stone_axe":1,"alexsmobs:maggot":2,"alexsmobs:animal_dictionary":1,"medieval_craft_weapons:plate_leggings":3,"minecraft:raw_iron":11,"minecraft:rotten_flesh":9,"alexscaves:cave_codex":1,"sophisticatedbackpacks:backpack":1,"minecraft:iron_chestplate":3,"minecraft:leather_boots":2,"minecraft:chest":1,"minecraft:stone_bricks":2,"minecraft:spruce_log":64,"minecraft:bow":2,"minecraft:stone_pickaxe":1,"minecraft:wooden_pickaxe":2,"medieval_craft_weapons:pole_axe":1,"medieval_craft_weapons:spear_1":1}},"DataVersion":3465}