{"stats":{"minecraft:crafted":{"minecraft:stone_shovel":1,"minecraft:crafting_table":2,"minecraft:jungle_boat":1,"minecraft:wooden_pickaxe":1,"minecraft:furnace":1,"minecraft:stone_axe":2,"minecraft:air":0,"minecraft:jungle_planks":56,"minecraft:diamond_leggings":1,"minecraft:iron_chestplate":1,"tombstone:grave_key":1,"minecraft:stick":12,"minecraft:iron_ingot":11,"minecraft:iron_pickaxe":1,"minecraft:stone_pickaxe":1,"minecraft:dark_oak_planks":212,"minecraft:diamond_chestplate":1},"minecraft:killed_by":{"minecraft:player":1,"medieval_craft_weapons:heavyknight":6,"alexsmobs:komodo_dragon":1,"medieval_craft_weapons:knight":5,"medieval_craft_weapons:soldier":2,"medieval_craft_weapons:archer":4,"unusualprehistory:sludge":1},"minecraft:killed":{"alexsmobs:hummingbird":1,"medieval_craft_weapons:archer":18,"medieval_craft_weapons:knight":10,"minecraft:sheep":2,"medieval_craft_weapons:soldier":28,"minecraft:zombie":2,"unusualprehistory:sludge":1,"minecraft:enderman":1,"medieval_craft_weapons:heavyknight":3},"minecraft:used":{"minecraft:stone_shovel":16,"minecraft:stone_pickaxe":14,"minecraft:shield":35,"minecraft:wooden_pickaxe":15,"minecraft:iron_sword":200,"medieval_craft_weapons:sword_1":3,"minecraft:cooked_chicken":11,"minecraft:jungle_boat":2,"minecraft:iron_chestplate":1,"minecraft:white_wool":2,"minecraft:dirt":20,"minecraft:crafting_table":9,"minecraft:jungle_planks":35,"minecraft:jungle_sapling":1,"minecraft:dark_oak_planks":120,"minecraft:dark_oak_log":7,"minecraft:melon_slice":22,"minecraft:iron_pickaxe":32,"tombstone:grave_key":2,"minecraft:stone_bricks":1,"minecraft:stone_axe":84,"medieval_craft_weapons:pole_axe":32,"minecraft:furnace":1,"tombstone:gift":1,"alexsmobs:animal_dictionary":2},"minecraft:broken":{"minecraft:stone_axe":1},"minecraft:picked_up":{"minecraft:iron_chestplate":3,"minecraft:crafting_table":7,"minecraft:jungle_boat":2,"minecraft:jungle_log":7,"minecraft:shield":1,"medieval_craft_weapons:pole_axe":1,"minecraft:dirt":18,"minecraft:stone_bricks":3,"minecraft:iron_ingot":11,"minecraft:cooked_chicken":25,"unusualprehistory:plant_fossil_item":3,"minecraft:jungle_sapling":1,"minecraft:melon_slice":91,"minecraft:sugar_cane":5,"minecraft:furnace":1,"medieval_craft_weapons:mace":1,"unusualprehistory:tar_fossil_item":29,"minecraft:stick":4,"minecraft:raw_iron":10,"medieval_craft_weapons:plate_leggings":4,"medieval_craft_weapons:titanite_nugget_1":2,"minecraft:torch":2,"minecraft:spruce_stairs":3,"minecraft:jungle_planks":16,"tombstone:grave_dust":1,"minecraft:dark_oak_planks":12,"minecraft:rotten_flesh":2,"minecraft:diamond":11,"minecraft:bread":30,"minecraft:chainmail_helmet":1,"minecraft:emerald":1,"minecraft:baked_potato":30,"alexsmobs:maggot":2,"minecraft:mutton":4,"minecraft:coal":9,"minecraft:white_wool":2,"minecraft:cobblestone":29},"minecraft:mined":{"minecraft:dark_oak_planks":12,"minecraft:glass_pane":1,"minecraft:jungle_leaves":2,"minecraft:crafting_table":7,"biomesoplenty:bush":4,"minecraft:emerald_ore":1,"minecraft:grass_block":14,"minecraft:melon":18,"minecraft:jungle_planks":1,"unusualprehistory:plant_fossil":3,"minecraft:jungle_log":7,"minecraft:tall_grass":2,"minecraft:sugar_cane":3,"minecraft:wall_torch":4,"minecraft:spruce_stairs":2,"minecraft:furnace":1,"minecraft:iron_ore":10,"minecraft:grass":26,"biomesoplenty:clover":2,"minecraft:coal_ore":9,"minecraft:vine":2,"minecraft:iron_bars":1,"minecraft:dirt":5,"minecraft:stone":25,"minecraft:stone_bricks":1,"unusualprehistory:stone_tar_fossil":10,"unusualprehistory:splattered_tar":2,"minecraft:fern":3},"minecraft:custom":{"minecraft:interact_with_furnace":14,"minecraft:mob_kills":71,"minecraft:interact_with_crafting_table":15,"minecraft:eat_cake_slice":4,"minecraft:leave_game":2,"minecraft:time_since_death":2637,"minecraft:climb_one_cm":8033,"minecraft:time_since_rest":2408,"minecraft:sprint_one_cm":167674,"minecraft:damage_taken":6658,"minecraft:walk_one_cm":135377,"minecraft:damage_blocked_by_shield":1824,"minecraft:drop":54,"minecraft:damage_dealt":9968,"minecraft:damage_dealt_absorbed":56,"minecraft:swim_one_cm":28897,"minecraft:player_kills":1,"minecraft:fly_one_cm":382551,"minecraft:open_chest":32,"minecraft:crouch_one_cm":22221,"minecraft:play_time":75343,"tombstone:undead_killed":2,"minecraft:deaths":20,"minecraft:sneak_time":9449,"minecraft:walk_under_water_one_cm":7949,"tombstone:tomb_raiding":1,"minecraft:jump":2106,"minecraft:walk_on_water_one_cm":5433,"minecraft:total_world_time":75343,"minecraft:fall_one_cm":61519},"minecraft:dropped":{"minecraft:iron_ingot":8,"alexsmobs:maggot":2,"alexsmobs:animal_dictionary":1,"medieval_craft_weapons:plate_leggings":3,"minecraft:diamond":4,"minecraft:rotten_flesh":2,"unusualprehistory:tar_fossil_item":15,"minecraft:jungle_planks":15,"minecraft:chainmail_helmet":1,"minecraft:torch":2,"minecraft:iron_chestplate":3,"minecraft:melon_slice":36,"minecraft:leather_boots":1,"minecraft:stone_bricks":2,"minecraft:spruce_log":64,"minecraft:bow":1,"minecraft:wooden_pickaxe":1,"medieval_craft_weapons:pole_axe":1,"unusualprehistory:plant_fossil_item":3,"medieval_craft_weapons:spear_1":1}},"DataVersion":3465}