{"stats":{"minecraft:custom":{"minecraft:time_since_rest":1433,"minecraft:interact_with_furnace":3,"minecraft:sprint_one_cm":60299,"minecraft:damage_taken":807,"minecraft:walk_one_cm":35679,"minecraft:mob_kills":3,"minecraft:drop":2,"minecraft:damage_dealt":950,"minecraft:player_kills":1,"minecraft:interact_with_crafting_table":5,"minecraft:fly_one_cm":140496,"minecraft:crouch_one_cm":7108,"minecraft:play_time":22173,"minecraft:deaths":3,"minecraft:sneak_time":2078,"tombstone:tomb_raiding":1,"minecraft:jump":670,"minecraft:leave_game":1,"minecraft:time_since_death":2681,"minecraft:walk_on_water_one_cm":74,"minecraft:climb_one_cm":1522,"minecraft:total_world_time":22173,"minecraft:fall_one_cm":18028},"minecraft:picked_up":{"minecraft:crafting_table":4,"minecraft:stick":2,"minecraft:raw_iron":10,"minecraft:jungle_log":7,"minecraft:jungle_planks":15,"minecraft:jungle_sapling":1,"minecraft:emerald":1,"minecraft:melon_slice":67,"minecraft:mutton":4,"minecraft:white_wool":2,"minecraft:cobblestone":22,"minecraft:furnace":1},"minecraft:crafted":{"minecraft:crafting_table":1,"tombstone:grave_key":1,"minecraft:stick":12,"minecraft:wooden_pickaxe":1,"minecraft:iron_ingot":3,"minecraft:iron_pickaxe":1,"minecraft:stone_pickaxe":1,"minecraft:furnace":1,"minecraft:stone_axe":1,"minecraft:air":0,"minecraft:jungle_planks":28},"minecraft:mined":{"minecraft:furnace":1,"minecraft:iron_ore":10,"minecraft:jungle_leaves":2,"minecraft:crafting_table":3,"minecraft:grass":16,"minecraft:emerald_ore":1,"minecraft:melon":13,"minecraft:vine":2,"minecraft:jungle_log":7,"minecraft:stone":18,"unusualprehistory:splattered_tar":2,"minecraft:fern":3},"minecraft:killed_by":{"alexsmobs:komodo_dragon":1,"minecraft:player":1,"unusualprehistory:sludge":1},"minecraft:used":{"minecraft:jungle_sapling":1,"minecraft:stone_pickaxe":14,"minecraft:melon_slice":6,"minecraft:iron_pickaxe":1,"minecraft:wooden_pickaxe":15,"minecraft:stone_axe":23,"minecraft:crafting_table":4,"minecraft:furnace":1,"alexsmobs:animal_dictionary":2,"tombstone:gift":1},"minecraft:killed":{"minecraft:sheep":2,"alexsmobs:hummingbird":1},"minecraft:dropped":{"alexsmobs:animal_dictionary":1,"minecraft:jungle_planks":15}},"DataVersion":3465}