{"stats":{"minecraft:crafted":{"minecraft:stone_shovel":1,"minecraft:crafting_table":2,"minecraft:jungle_boat":1,"minecraft:wooden_pickaxe":1,"minecraft:furnace":1,"minecraft:stone_axe":2,"minecraft:air":0,"minecraft:jungle_planks":56,"minecraft:diamond_leggings":1,"minecraft:iron_chestplate":1,"tombstone:grave_key":1,"minecraft:stick":12,"minecraft:iron_ingot":11,"minecraft:iron_pickaxe":1,"minecraft:stone_pickaxe":1,"minecraft:dark_oak_planks":212,"minecraft:diamond_chestplate":1},"minecraft:killed_by":{"minecraft:player":1,"medieval_craft_weapons:heavyknight":7,"alexsmobs:komodo_dragon":1,"medieval_craft_weapons:knight":8,"medieval_craft_weapons:soldier":2,"medieval_craft_weapons:archer":4,"unusualprehistory:sludge":1},"minecraft:killed":{"alexsmobs:hummingbird":1,"medieval_craft_weapons:archer":22,"medieval_craft_weapons:knight":15,"minecraft:sheep":2,"medieval_craft_weapons:soldier":34,"minecraft:zombie":2,"unusualprehistory:sludge":1,"minecraft:enderman":1,"medieval_craft_weapons:heavyknight":4},"minecraft:used":{"minecraft:stone_shovel":16,"minecraft:stone_pickaxe":14,"minecraft:shield":39,"minecraft:wooden_pickaxe":15,"minecraft:iron_sword":210,"medieval_craft_weapons:sword_1":3,"minecraft:sugar_cane":16,"minecraft:cooked_chicken":13,"minecraft:jungle_boat":2,"minecraft:iron_chestplate":1,"minecraft:white_wool":2,"minecraft:dirt":20,"minecraft:crafting_table":9,"minecraft:jungle_planks":35,"minecraft:crossbow":3,"minecraft:jungle_sapling":1,"minecraft:dark_oak_planks":185,"minecraft:dark_oak_log":7,"minecraft:melon_slice":22,"minecraft:iron_pickaxe":41,"tombstone:grave_key":2,"minecraft:stone_bricks":1,"minecraft:stone_axe":84,"medieval_craft_weapons:pole_axe":66,"minecraft:furnace":1,"tombstone:gift":1,"medieval_craft_weapons:spear_1":7,"alexsmobs:animal_dictionary":2},"minecraft:broken":{"minecraft:shield":1,"minecraft:stone_axe":1},"minecraft:picked_up":{"minecraft:iron_chestplate":3,"minecraft:crafting_table":7,"minecraft:jungle_boat":2,"minecraft:jungle_log":7,"minecraft:shield":1,"medieval_craft_weapons:pole_axe":1,"minecraft:dirt":18,"minecraft:stone_bricks":3,"minecraft:iron_ingot":11,"minecraft:cooked_chicken":25,"unusualprehistory:plant_fossil_item":3,"minecraft:jungle_sapling":1,"minecraft:melon_slice":91,"minecraft:sugar_cane":16,"minecraft:furnace":1,"medieval_craft_weapons:mace":1,"unusualprehistory:tar_fossil_item":29,"minecraft:stick":4,"minecraft:raw_iron":17,"medieval_craft_weapons:plate_leggings":4,"medieval_craft_weapons:titanite_nugget_1":2,"minecraft:torch":4,"minecraft:spruce_stairs":4,"minecraft:jungle_planks":16,"tombstone:grave_dust":1,"medieval_craft_weapons:spear_2":1,"minecraft:dark_oak_planks":22,"minecraft:rotten_flesh":2,"minecraft:diamond":11,"minecraft:crossbow":1,"minecraft:bread":30,"minecraft:chainmail_helmet":1,"minecraft:emerald":1,"minecraft:baked_potato":30,"alexsmobs:maggot":2,"minecraft:mutton":4,"minecraft:coal":9,"minecraft:white_wool":2,"minecraft:cobblestone":31},"minecraft:mined":{"minecraft:dark_oak_planks":22,"minecraft:glass_pane":2,"minecraft:jungle_leaves":2,"minecraft:crafting_table":7,"biomesoplenty:bush":4,"minecraft:emerald_ore":1,"minecraft:grass_block":14,"minecraft:melon":18,"minecraft:jungle_planks":1,"unusualprehistory:plant_fossil":3,"minecraft:jungle_log":7,"minecraft:tall_grass":2,"minecraft:sugar_cane":3,"minecraft:wall_torch":6,"minecraft:spruce_stairs":3,"minecraft:furnace":1,"minecraft:iron_ore":17,"minecraft:grass":26,"biomesoplenty:clover":2,"minecraft:coal_ore":9,"minecraft:vine":2,"minecraft:iron_bars":1,"minecraft:dirt":5,"minecraft:stone":27,"minecraft:stone_bricks":1,"unusualprehistory:stone_tar_fossil":10,"unusualprehistory:splattered_tar":2,"minecraft:fern":3},"minecraft:custom":{"minecraft:interact_with_furnace":14,"minecraft:mob_kills":87,"minecraft:interact_with_crafting_table":15,"minecraft:eat_cake_slice":6,"minecraft:leave_game":3,"minecraft:time_since_death":6049,"minecraft:climb_one_cm":8617,"minecraft:time_since_rest":5825,"minecraft:sprint_one_cm":203095,"minecraft:damage_taken":7737,"minecraft:walk_one_cm":169302,"minecraft:damage_blocked_by_shield":2049,"minecraft:drop":87,"minecraft:damage_dealt":11141,"minecraft:damage_dealt_absorbed":56,"minecraft:swim_one_cm":28953,"minecraft:player_kills":1,"minecraft:fly_one_cm":440658,"minecraft:open_chest":50,"minecraft:crouch_one_cm":26997,"minecraft:play_time":91567,"tombstone:undead_killed":2,"minecraft:deaths":24,"minecraft:sneak_time":11270,"minecraft:walk_under_water_one_cm":8503,"tombstone:tomb_raiding":1,"minecraft:jump":2423,"minecraft:walk_on_water_one_cm":7945,"minecraft:total_world_time":91567,"minecraft:fall_one_cm":65763},"minecraft:dropped":{"minecraft:iron_ingot":8,"alexsmobs:maggot":2,"alexsmobs:animal_dictionary":1,"medieval_craft_weapons:plate_leggings":3,"minecraft:diamond":4,"minecraft:rotten_flesh":2,"unusualprehistory:tar_fossil_item":15,"minecraft:jungle_planks":15,"minecraft:chainmail_helmet":1,"minecraft:torch":2,"minecraft:iron_chestplate":3,"minecraft:melon_slice":69,"minecraft:leather_boots":1,"minecraft:stone_bricks":2,"minecraft:spruce_log":64,"minecraft:bow":1,"minecraft:wooden_pickaxe":1,"medieval_craft_weapons:pole_axe":1,"unusualprehistory:plant_fossil_item":3,"medieval_craft_weapons:spear_1":1}},"DataVersion":3465}