{"stats":{"minecraft:crafted":{"minecraft:stone_shovel":1,"minecraft:furnace":1,"minecraft:diamond_leggings":1,"tombstone:grave_key":1,"minecraft:stone_pickaxe":1,"minecraft:chest":1,"minecraft:dark_oak_planks":212,"sophisticatedbackpacks:backpack":1,"minecraft:crafting_table":2,"minecraft:jungle_boat":1,"minecraft:wooden_pickaxe":1,"minecraft:stone_axe":2,"minecraft:air":0,"minecraft:jungle_planks":56,"minecraft:iron_chestplate":1,"minecraft:stick":12,"minecraft:iron_pickaxe":1,"minecraft:iron_ingot":11,"minecraft:acacia_planks":72,"minecraft:diamond_chestplate":1},"minecraft:killed_by":{"minecraft:player":1,"medieval_craft_weapons:heavyknight":7,"medieval_craft_weapons:archer":4,"unusualprehistory:sludge":1,"alexsmobs:komodo_dragon":1,"medieval_craft_weapons:knight":9,"medieval_craft_weapons:soldier":3},"minecraft:killed":{"alexsmobs:hummingbird":1,"minecraft:spider":1,"medieval_craft_weapons:archer":23,"medieval_craft_weapons:knight":16,"medieval_craft_weapons:soldier":43,"alexsmobs:grizzly_bear":1,"minecraft:sheep":2,"minecraft:zombie":3,"unusualprehistory:sludge":1,"minecraft:enderman":1,"medieval_craft_weapons:heavyknight":4},"minecraft:used":{"minecraft:stone_shovel":37,"minecraft:shield":39,"minecraft:iron_sword":210,"medieval_craft_weapons:sword_1":3,"minecraft:cooked_chicken":16,"minecraft:iron_chestplate":1,"minecraft:dirt":20,"minecraft:spruce_stairs":1,"minecraft:jungle_planks":35,"minecraft:jungle_sapling":1,"minecraft:dark_oak_planks":210,"minecraft:stone_bricks":1,"minecraft:furnace":1,"tombstone:gift":1,"medieval_craft_weapons:spear_1":30,"minecraft:acacia_planks":15,"minecraft:stone_pickaxe":14,"minecraft:wooden_pickaxe":15,"minecraft:sugar_cane":16,"minecraft:jungle_boat":2,"minecraft:white_wool":2,"minecraft:crafting_table":9,"minecraft:crossbow":3,"sophisticatedbackpacks:backpack":2,"minecraft:dark_oak_log":7,"minecraft:melon_slice":22,"minecraft:iron_pickaxe":75,"tombstone:grave_key":3,"minecraft:stone_axe":84,"medieval_craft_weapons:pole_axe":83,"alexsmobs:animal_dictionary":2},"minecraft:broken":{"minecraft:shield":1,"minecraft:stone_axe":1},"minecraft:picked_up":{"minecraft:crafting_table":7,"minecraft:iron_chestplate":3,"minecraft:wooden_pickaxe":1,"minecraft:shield":1,"medieval_craft_weapons:pole_axe":1,"minecraft:string":1,"minecraft:raw_copper":42,"minecraft:spruce_planks":3,"alexsmobs:elastic_tendon":2,"unusualprehistory:plant_fossil_item":3,"minecraft:jungle_sapling":1,"minecraft:spruce_slab":1,"minecraft:melon_slice":91,"minecraft:sugar_cane":16,"minecraft:chest":1,"minecraft:furnace":1,"medieval_craft_weapons:mace":1,"unusualprehistory:tar_fossil_item":29,"minecraft:stick":4,"minecraft:raw_iron":19,"minecraft:sandstone":10,"minecraft:torch":5,"medieval_craft_weapons:titanite_nugget_1":2,"minecraft:spruce_stairs":5,"sophisticatedbackpacks:backpack":2,"tombstone:grave_dust":1,"medieval_craft_weapons:spear_2":1,"minecraft:dark_oak_planks":25,"minecraft:rotten_flesh":3,"minecraft:mutton":4,"minecraft:white_wool":2,"minecraft:cobblestone":31,"minecraft:jungle_boat":3,"minecraft:jungle_log":7,"minecraft:dirt":18,"minecraft:white_banner":1,"minecraft:acacia_planks":3,"minecraft:stone_bricks":3,"minecraft:iron_ingot":11,"minecraft:stone_pickaxe":1,"minecraft:cooked_chicken":25,"medieval_craft_weapons:plate_leggings":4,"minecraft:jungle_planks":18,"minecraft:leather_helmet":2,"medieval_craft_weapons:bullet":28,"minecraft:stone_axe":1,"minecraft:diamond":11,"minecraft:crossbow":1,"minecraft:emerald":1,"minecraft:chainmail_helmet":1,"minecraft:bread":30,"alexsmobs:maggot":2,"minecraft:baked_potato":30,"minecraft:coal":9},"minecraft:mined":{"minecraft:dark_oak_planks":25,"minecraft:spruce_planks":4,"minecraft:jungle_leaves":2,"biomesoplenty:bush":4,"minecraft:grass_block":14,"minecraft:jungle_planks":3,"unusualprehistory:plant_fossil":3,"minecraft:jungle_log":7,"minecraft:sandstone":17,"minecraft:furnace":1,"minecraft:iron_ore":19,"minecraft:vine":2,"minecraft:iron_bars":1,"minecraft:stone":27,"unusualprehistory:stone_tar_fossil":10,"sophisticatedbackpacks:backpack":2,"minecraft:glass_pane":2,"minecraft:crafting_table":7,"minecraft:emerald_ore":1,"minecraft:melon":18,"minecraft:tall_grass":2,"minecraft:copper_ore":14,"minecraft:sugar_cane":3,"minecraft:wall_torch":7,"minecraft:spruce_stairs":4,"biomesoplenty:clover":2,"minecraft:grass":27,"minecraft:coal_ore":10,"minecraft:dirt":5,"minecraft:sand":21,"minecraft:acacia_planks":3,"minecraft:stone_bricks":1,"unusualprehistory:splattered_tar":2,"minecraft:fern":3},"minecraft:custom":{"minecraft:mob_kills":101,"minecraft:interact_with_crafting_table":19,"minecraft:eat_cake_slice":6,"minecraft:leave_game":3,"minecraft:time_since_death":1759,"minecraft:climb_one_cm":9324,"minecraft:sprint_one_cm":247430,"minecraft:walk_one_cm":215918,"minecraft:damage_blocked_by_shield":2049,"minecraft:drop":106,"minecraft:damage_dealt_absorbed":56,"minecraft:play_time":121567,"minecraft:deaths":27,"minecraft:sneak_time":12751,"minecraft:walk_under_water_one_cm":11583,"minecraft:boat_one_cm":34401,"tombstone:tomb_raiding":1,"minecraft:jump":2858,"minecraft:walk_on_water_one_cm":15939,"minecraft:total_world_time":121567,"minecraft:interact_with_furnace":14,"minecraft:time_since_rest":1545,"minecraft:damage_taken":8677,"minecraft:damage_dealt":11895,"minecraft:swim_one_cm":34153,"minecraft:fly_one_cm":511439,"minecraft:player_kills":1,"minecraft:open_chest":66,"minecraft:crouch_one_cm":30369,"tombstone:undead_killed":3,"minecraft:fall_one_cm":81993},"minecraft:dropped":{"minecraft:iron_ingot":8,"minecraft:wheat_seeds":1,"minecraft:diamond":4,"minecraft:crossbow":1,"unusualprehistory:tar_fossil_item":15,"minecraft:jungle_planks":15,"minecraft:chainmail_helmet":1,"minecraft:leather_helmet":2,"minecraft:torch":2,"minecraft:melon_slice":69,"minecraft:diamond_helmet":1,"minecraft:jungle_boat":1,"minecraft:dark_oak_planks":7,"minecraft:string":1,"unusualprehistory:plant_fossil_item":3,"minecraft:stone_axe":1,"alexsmobs:maggot":2,"alexsmobs:animal_dictionary":1,"medieval_craft_weapons:plate_leggings":3,"minecraft:rotten_flesh":3,"minecraft:iron_chestplate":3,"minecraft:leather_boots":1,"minecraft:chest":1,"minecraft:stone_bricks":2,"minecraft:spruce_log":64,"minecraft:bow":1,"minecraft:stone_pickaxe":1,"minecraft:wooden_pickaxe":2,"medieval_craft_weapons:pole_axe":1,"medieval_craft_weapons:spear_1":1}},"DataVersion":3465}