{"stats":{"minecraft:custom":{"minecraft:interact_with_furnace":14,"minecraft:mob_kills":23,"minecraft:interact_with_crafting_table":13,"minecraft:eat_cake_slice":2,"minecraft:leave_game":1,"minecraft:time_since_death":1035,"minecraft:climb_one_cm":3192,"minecraft:time_since_rest":931,"minecraft:sprint_one_cm":106943,"minecraft:damage_taken":3700,"minecraft:walk_one_cm":84964,"minecraft:damage_blocked_by_shield":1194,"minecraft:drop":23,"minecraft:damage_dealt":4222,"minecraft:swim_one_cm":23092,"minecraft:fly_one_cm":247272,"minecraft:player_kills":1,"minecraft:open_chest":16,"minecraft:crouch_one_cm":11661,"minecraft:play_time":46173,"minecraft:deaths":12,"minecraft:sneak_time":4566,"minecraft:walk_under_water_one_cm":5885,"tombstone:tomb_raiding":1,"minecraft:jump":1251,"minecraft:walk_on_water_one_cm":3239,"minecraft:total_world_time":46173,"minecraft:fall_one_cm":36916},"minecraft:broken":{"minecraft:stone_axe":1},"minecraft:picked_up":{"minecraft:crafting_table":7,"minecraft:jungle_boat":2,"minecraft:jungle_log":7,"minecraft:shield":1,"medieval_craft_weapons:pole_axe":1,"minecraft:dirt":14,"minecraft:iron_ingot":4,"unusualprehistory:plant_fossil_item":3,"minecraft:jungle_sapling":1,"minecraft:melon_slice":91,"minecraft:furnace":1,"unusualprehistory:tar_fossil_item":28,"minecraft:stick":2,"minecraft:raw_iron":10,"medieval_craft_weapons:plate_leggings":1,"minecraft:torch":1,"medieval_craft_weapons:titanite_nugget_1":1,"minecraft:spruce_stairs":3,"minecraft:jungle_planks":15,"tombstone:grave_dust":1,"minecraft:diamond":3,"minecraft:chainmail_helmet":1,"minecraft:emerald":1,"minecraft:mutton":4,"minecraft:coal":9,"minecraft:white_wool":2,"minecraft:cobblestone":25},"minecraft:crafted":{"minecraft:stone_shovel":1,"minecraft:crafting_table":1,"minecraft:jungle_boat":1,"minecraft:wooden_pickaxe":1,"minecraft:furnace":1,"minecraft:stone_axe":2,"minecraft:air":0,"minecraft:jungle_planks":28,"minecraft:iron_chestplate":1,"tombstone:grave_key":1,"minecraft:stick":12,"minecraft:iron_ingot":11,"minecraft:iron_pickaxe":1,"minecraft:stone_pickaxe":1},"minecraft:mined":{"minecraft:jungle_leaves":2,"minecraft:crafting_table":6,"minecraft:emerald_ore":1,"minecraft:grass_block":14,"minecraft:melon":18,"unusualprehistory:plant_fossil":3,"minecraft:jungle_log":7,"minecraft:tall_grass":1,"minecraft:wall_torch":3,"minecraft:spruce_stairs":2,"minecraft:furnace":1,"minecraft:iron_ore":10,"minecraft:grass":21,"biomesoplenty:clover":2,"minecraft:coal_ore":9,"minecraft:vine":2,"minecraft:iron_bars":1,"minecraft:dirt":1,"minecraft:stone":21,"unusualprehistory:stone_tar_fossil":10,"unusualprehistory:splattered_tar":2,"minecraft:fern":3},"minecraft:killed_by":{"minecraft:player":1,"medieval_craft_weapons:heavyknight":5,"alexsmobs:komodo_dragon":1,"medieval_craft_weapons:knight":1,"medieval_craft_weapons:soldier":2,"medieval_craft_weapons:archer":1,"unusualprehistory:sludge":1},"minecraft:used":{"minecraft:stone_shovel":16,"minecraft:stone_pickaxe":14,"minecraft:shield":22,"minecraft:wooden_pickaxe":15,"minecraft:iron_sword":17,"minecraft:jungle_boat":2,"minecraft:iron_chestplate":1,"minecraft:dirt":11,"minecraft:crafting_table":8,"minecraft:jungle_sapling":1,"minecraft:melon_slice":18,"minecraft:iron_pickaxe":27,"tombstone:grave_key":1,"medieval_craft_weapons:pole_axe":7,"minecraft:stone_axe":84,"minecraft:furnace":1,"tombstone:gift":1,"alexsmobs:animal_dictionary":2},"minecraft:killed":{"alexsmobs:hummingbird":1,"medieval_craft_weapons:archer":6,"medieval_craft_weapons:knight":4,"minecraft:sheep":2,"medieval_craft_weapons:soldier":8,"unusualprehistory:sludge":1,"medieval_craft_weapons:heavyknight":1},"minecraft:dropped":{"alexsmobs:animal_dictionary":1,"unusualprehistory:tar_fossil_item":14,"minecraft:jungle_planks":15,"minecraft:melon_slice":36,"minecraft:bow":1,"minecraft:wooden_pickaxe":1,"unusualprehistory:plant_fossil_item":3}},"DataVersion":3465}