{"stats":{"minecraft:mined":{"minecraft:grass":1,"minecraft:jungle_leaves":2,"minecraft:fern":1},"minecraft:used":{"alexsmobs:animal_dictionary":1},"minecraft:custom":{"minecraft:jump":30,"minecraft:time_since_rest":8710,"minecraft:crouch_one_cm":1,"minecraft:sprint_one_cm":2359,"minecraft:leave_game":1,"minecraft:play_time":8710,"minecraft:time_since_death":8710,"minecraft:walk_one_cm":2704,"minecraft:sneak_time":10,"minecraft:climb_one_cm":538,"minecraft:total_world_time":8710,"minecraft:fall_one_cm":687,"minecraft:fly_one_cm":2169}},"DataVersion":3465}