{"stats":{"minecraft:custom":{"minecraft:mob_kills":142,"minecraft:interact_with_crafting_table":7,"minecraft:open_barrel":2,"minecraft:leave_game":3,"minecraft:time_since_death":10392,"minecraft:climb_one_cm":16716,"minecraft:sprint_one_cm":276007,"minecraft:walk_one_cm":147178,"minecraft:damage_blocked_by_shield":1849,"minecraft:drop":38,"minecraft:play_time":101539,"minecraft:deaths":26,"minecraft:sneak_time":17694,"minecraft:walk_under_water_one_cm":5126,"tombstone:tomb_raiding":1,"minecraft:jump":1524,"minecraft:walk_on_water_one_cm":5109,"minecraft:total_world_time":101539,"minecraft:interact_with_furnace":5,"minecraft:time_since_rest":10305,"minecraft:damage_taken":8255,"minecraft:damage_absorbed":78,"tombstone:sneak_grave":11,"minecraft:damage_dealt":17674,"tombstone:cast_on_ally":1,"minecraft:swim_one_cm":32310,"minecraft:fly_one_cm":190406,"minecraft:player_kills":6,"minecraft:open_chest":44,"minecraft:crouch_one_cm":33465,"tombstone:undead_killed":93,"minecraft:fall_one_cm":30043},"minecraft:broken":{"minecraft:stone_sword":1,"minecraft:leather_chestplate":1},"minecraft:picked_up":{"medieval_craft_weapons:musket":1,"minecraft:crafting_table":2,"medieval_craft_weapons:brigandine_chestplate":1,"minecraft:flower_pot":1,"minecraft:wooden_pickaxe":1,"minecraft:enchanted_book":1,"medieval_craft_weapons:plate_boots":1,"minecraft:brewing_stand":2,"minecraft:smooth_stone_slab":1,"minecraft:iron_shovel":1,"minecraft:oak_sign":2,"minecraft:cobbled_deepslate":6,"unusualprehistory:plant_fossil_item":4,"minecraft:poppy":1,"minecraft:spruce_slab":3,"minecraft:furnace":1,"medieval_craft_weapons:mace":1,"minecraft:raw_iron":35,"minecraft:stick":5,"medieval_craft_weapons:titanite_nugget_1":3,"minecraft:torch":1,"tombstone:grave_dust":30,"minecraft:carrot":1,"minecraft:arrow":3,"minecraft:rotten_flesh":96,"tombstone:essence_of_undeath":1,"minecraft:cobblestone":32,"minecraft:leather_chestplate":1,"minecraft:oak_log":5,"medieval_craft_weapons:long_sword":1,"medieval_craft_weapons:plate_chestplate":1,"minecraft:dirt":2,"minecraft:bone":4,"minecraft:stone_bricks":4,"medieval_craft_weapons:greathelmet_helmet":1,"minecraft:iron_ingot":25,"minecraft:mossy_stone_bricks":1,"minecraft:iron_sword":1,"minecraft:oak_planks":1,"minecraft:polished_andesite_stairs":1,"medieval_craft_weapons:plate_leggings":1,"medieval_craft_weapons:plate_helmet":1,"minecraft:diamond_block":11,"minecraft:spider_eye":2,"minecraft:diamond":17,"minecraft:mossy_cobblestone_stairs":2,"minecraft:oak_button":1,"tombstone:magic_scroll":2,"minecraft:oak_sapling":2,"minecraft:coal":72,"unusualprehistory:mezo_fossil":5},"minecraft:crafted":{"minecraft:oak_planks":20,"minecraft:furnace":1,"minecraft:stone_pickaxe":1,"minecraft:crafting_table":1,"minecraft:wooden_pickaxe":1,"minecraft:iron_sword":1,"minecraft:stone_axe":1,"minecraft:air":0,"minecraft:shield":1,"minecraft:stick":12,"minecraft:iron_pickaxe":1,"minecraft:iron_ingot":6,"minecraft:stone_sword":1,"minecraft:torch":28},"minecraft:mined":{"minecraft:spruce_planks":1,"unusualprehistory:permafrost":2,"minecraft:deepslate_diamond_ore":4,"minecraft:sculk_vein":1,"minecraft:jungle_leaves":3,"minecraft:brewing_stand":1,"unusualprehistory:plant_fossil":4,"minecraft:spawner":15,"minecraft:furnace":1,"minecraft:mossy_cobblestone_stairs":2,"minecraft:iron_ore":35,"minecraft:diamond_block":11,"minecraft:stone":53,"minecraft:crafting_table":2,"minecraft:polished_andesite_stairs":1,"minecraft:tall_grass":1,"minecraft:cobblestone":6,"minecraft:oak_planks":1,"minecraft:wall_torch":3,"minecraft:redstone_torch":1,"unusualprehistory:stone_fossil":5,"minecraft:potted_poppy":1,"minecraft:smooth_stone_slab":2,"minecraft:grass":8,"minecraft:oak_log":5,"minecraft:coal_ore":58,"minecraft:dirt":2,"minecraft:flower_pot":1,"minecraft:stone_bricks":3,"minecraft:oak_leaves":2,"minecraft:deepslate":45,"minecraft:fern":2},"minecraft:killed_by":{"medieval_craft_weapons:heavyknight":1,"medieval_craft_weapons:archer":5,"minecraft:skeleton":1,"minecraft:zombie":8,"medieval_craft_weapons:knight":6,"medieval_craft_weapons:soldier":4},"minecraft:used":{"minecraft:stone_sword":131,"minecraft:oak_sign":1,"minecraft:shield":67,"minecraft:iron_sword":78,"minecraft:rotten_flesh":17,"minecraft:torch":24,"minecraft:mossy_cobblestone_stairs":2,"minecraft:iron_axe":9,"minecraft:polished_andesite_stairs":1,"minecraft:furnace":2,"tombstone:gift":12,"minecraft:cooked_beef":12,"minecraft:cobbled_deepslate":6,"tombstone:scroll_of_reach":1,"minecraft:stone_pickaxe":72,"minecraft:wooden_pickaxe":8,"minecraft:diamond_block":1,"minecraft:crafting_table":3,"minecraft:apple":2,"minecraft:oak_button":1,"minecraft:iron_pickaxe":175,"tombstone:magic_scroll":11,"tombstone:grave_key":2,"minecraft:stone_axe":16,"minecraft:diamond_sword":142,"minecraft:cobblestone":13,"alexsmobs:animal_dictionary":5},"minecraft:killed":{"medieval_craft_weapons:archer":2,"medieval_craft_weapons:knight":9,"minecraft:skeleton":3,"medieval_craft_weapons:soldier":6,"minecraft:zombie":90,"medieval_craft_weapons:heavyknight":1},"minecraft:dropped":{"minecraft:wheat_seeds":1,"medieval_craft_weapons:mace":1,"minecraft:cobblestone":2,"minecraft:saddle":1,"minecraft:emerald":1,"minecraft:dirt":2,"minecraft:brewing_stand":1,"tombstone:grave_dust":1,"medieval_craft_weapons:greathelmet_helmet":1,"minecraft:iron_shovel":2,"medieval_craft_weapons:brigandine_chestplate":1,"minecraft:diamond_block":5,"alexsmobs:animal_dictionary":1,"minecraft:smooth_stone_slab":1,"medieval_craft_weapons:long_sword":1,"minecraft:rotten_flesh":73,"minecraft:oak_planks":1,"minecraft:iron_boots":2,"minecraft:oak_sign":1,"minecraft:diamond_sword":1,"minecraft:shield":1,"minecraft:flower_pot":1,"minecraft:iron_chestplate":1,"minecraft:oak_sapling":2,"minecraft:stone_bricks":4,"minecraft:spruce_log":4,"minecraft:arrow":1,"minecraft:stone_pickaxe":1,"minecraft:wooden_pickaxe":2}},"DataVersion":3465}