{"stats":{"minecraft:dropped":{"tombstone:grave_dust":1,"minecraft:wheat_seeds":1,"alexsmobs:animal_dictionary":1},"minecraft:mined":{"minecraft:grass":2,"minecraft:oak_log":5,"minecraft:jungle_leaves":3,"minecraft:stone":8,"minecraft:crafting_table":1,"minecraft:oak_leaves":2,"minecraft:fern":2},"minecraft:used":{"minecraft:stone_axe":1,"minecraft:crafting_table":1,"alexsmobs:animal_dictionary":3,"minecraft:wooden_pickaxe":8},"minecraft:crafted":{"minecraft:stone_sword":1,"minecraft:oak_planks":20,"minecraft:stone_axe":1,"minecraft:crafting_table":1,"minecraft:stick":4,"minecraft:stone_pickaxe":1,"minecraft:wooden_pickaxe":1},"minecraft:custom":{"minecraft:time_since_rest":5323,"minecraft:crouch_one_cm":3525,"minecraft:play_time":20710,"minecraft:sprint_one_cm":15631,"minecraft:walk_one_cm":14011,"minecraft:damage_taken":120,"minecraft:deaths":1,"minecraft:sneak_time":1008,"minecraft:drop":3,"tombstone:tomb_raiding":1,"minecraft:jump":216,"minecraft:damage_dealt":54,"minecraft:leave_game":1,"minecraft:time_since_death":5510,"minecraft:total_world_time":20710,"minecraft:climb_one_cm":1899,"minecraft:interact_with_crafting_table":2,"minecraft:fly_one_cm":24679,"minecraft:fall_one_cm":6018,"minecraft:player_kills":2},"minecraft:picked_up":{"minecraft:crafting_table":1,"minecraft:stick":5,"minecraft:oak_log":5,"minecraft:oak_sapling":2,"minecraft:cobblestone":8}},"DataVersion":3465}