{"stats":{"minecraft:custom":{"minecraft:interact_with_furnace":5,"minecraft:mob_kills":87,"minecraft:interact_with_crafting_table":7,"minecraft:leave_game":2,"minecraft:time_since_death":285,"minecraft:climb_one_cm":1915,"minecraft:time_since_rest":84,"minecraft:sprint_one_cm":154391,"minecraft:damage_taken":2250,"minecraft:walk_one_cm":61130,"minecraft:damage_blocked_by_shield":870,"tombstone:sneak_grave":4,"minecraft:drop":9,"minecraft:damage_dealt":13556,"minecraft:swim_one_cm":3827,"minecraft:fly_one_cm":86567,"minecraft:player_kills":2,"minecraft:open_chest":20,"minecraft:crouch_one_cm":19631,"minecraft:play_time":56148,"tombstone:undead_killed":87,"minecraft:deaths":9,"minecraft:sneak_time":9880,"minecraft:walk_under_water_one_cm":240,"tombstone:tomb_raiding":1,"minecraft:jump":738,"minecraft:walk_on_water_one_cm":304,"minecraft:total_world_time":56148,"minecraft:fall_one_cm":11574},"minecraft:broken":{"minecraft:stone_sword":1,"minecraft:leather_chestplate":1},"minecraft:picked_up":{"minecraft:crafting_table":2,"minecraft:leather_chestplate":1,"minecraft:flower_pot":1,"minecraft:oak_log":5,"minecraft:smooth_stone_slab":1,"minecraft:bone":4,"minecraft:iron_shovel":1,"minecraft:iron_ingot":1,"minecraft:poppy":1,"minecraft:iron_sword":1,"minecraft:furnace":1,"minecraft:polished_andesite_stairs":1,"minecraft:stick":5,"minecraft:raw_iron":6,"medieval_craft_weapons:titanite_nugget_1":3,"tombstone:grave_dust":28,"minecraft:carrot":1,"minecraft:arrow":1,"minecraft:rotten_flesh":93,"minecraft:mossy_cobblestone_stairs":2,"tombstone:essence_of_undeath":1,"tombstone:magic_scroll":2,"minecraft:oak_sapling":2,"minecraft:coal":66,"minecraft:cobblestone":28},"minecraft:crafted":{"minecraft:oak_planks":20,"minecraft:crafting_table":1,"minecraft:wooden_pickaxe":1,"minecraft:iron_sword":1,"minecraft:furnace":1,"minecraft:stone_axe":1,"minecraft:air":0,"minecraft:shield":1,"minecraft:stick":12,"minecraft:iron_ingot":6,"minecraft:iron_pickaxe":1,"minecraft:stone_pickaxe":1,"minecraft:stone_sword":1,"minecraft:torch":16},"minecraft:mined":{"minecraft:jungle_leaves":3,"minecraft:crafting_table":2,"minecraft:polished_andesite_stairs":1,"minecraft:cobblestone":2,"minecraft:spawner":14,"minecraft:furnace":1,"minecraft:mossy_cobblestone_stairs":2,"minecraft:iron_ore":6,"minecraft:potted_poppy":1,"minecraft:smooth_stone_slab":2,"minecraft:grass":2,"minecraft:coal_ore":52,"minecraft:oak_log":5,"minecraft:flower_pot":1,"minecraft:stone":27,"minecraft:oak_leaves":2,"minecraft:fern":2},"minecraft:killed_by":{"minecraft:skeleton":1,"minecraft:zombie":7},"minecraft:used":{"minecraft:stone_sword":131,"minecraft:stone_pickaxe":72,"minecraft:wooden_pickaxe":8,"minecraft:shield":17,"minecraft:iron_sword":78,"minecraft:rotten_flesh":5,"minecraft:torch":22,"minecraft:crafting_table":3,"minecraft:mossy_cobblestone_stairs":2,"minecraft:iron_axe":6,"minecraft:iron_pickaxe":29,"minecraft:polished_andesite_stairs":1,"minecraft:stone_axe":16,"minecraft:diamond_sword":19,"minecraft:cobblestone":11,"minecraft:furnace":2,"tombstone:gift":8,"alexsmobs:animal_dictionary":3},"minecraft:killed":{"minecraft:skeleton":2,"minecraft:zombie":85},"minecraft:dropped":{"minecraft:wheat_seeds":1,"alexsmobs:animal_dictionary":1,"minecraft:smooth_stone_slab":1,"minecraft:rotten_flesh":21,"minecraft:oak_sapling":2,"tombstone:grave_dust":1,"minecraft:arrow":1,"minecraft:stone_pickaxe":1,"minecraft:wooden_pickaxe":1}},"DataVersion":3465}