{"stats":{"minecraft:crafted":{"minecraft:oak_planks":20,"minecraft:furnace":1,"minecraft:diamond_block":2,"minecraft:stone_pickaxe":1,"minecraft:dark_oak_planks":4,"minecraft:diamond_axe":1,"minecraft:crafting_table":2,"minecraft:spruce_planks":4,"minecraft:wooden_pickaxe":1,"minecraft:iron_sword":1,"minecraft:stone_axe":1,"minecraft:air":0,"minecraft:diamond_pickaxe":1,"minecraft:shield":1,"minecraft:stick":16,"minecraft:iron_pickaxe":1,"minecraft:iron_ingot":6,"minecraft:stone_sword":1,"minecraft:torch":28},"minecraft:killed_by":{"medieval_craft_weapons:heavyknight":4,"medieval_craft_weapons:archer":9,"minecraft:skeleton":1,"minecraft:zombie":8,"medieval_craft_weapons:knight":12,"medieval_craft_weapons:soldier":6},"minecraft:killed":{"medieval_craft_weapons:archer":10,"medieval_craft_weapons:knight":17,"alexsmobs:tasmanian_devil":1,"minecraft:horse":6,"minecraft:skeleton":4,"medieval_craft_weapons:soldier":11,"minecraft:creeper":1,"minecraft:zombie":90,"alexsmobs:gazelle":1,"medieval_craft_weapons:heavyknight":1},"minecraft:used":{"minecraft:stone_sword":131,"minecraft:oak_sign":1,"minecraft:shield":79,"minecraft:iron_sword":78,"minecraft:rotten_flesh":17,"minecraft:torch":24,"minecraft:mossy_cobblestone_stairs":2,"minecraft:iron_axe":10,"minecraft:polished_andesite_stairs":1,"minecraft:furnace":2,"medieval_craft_weapons:spear_1":9,"tombstone:gift":12,"minecraft:cooked_beef":21,"minecraft:cobbled_deepslate":6,"minecraft:water_bucket":1,"tombstone:scroll_of_reach":1,"minecraft:stone_pickaxe":72,"minecraft:wooden_pickaxe":8,"minecraft:diamond_axe":2,"minecraft:diamond_block":1,"minecraft:crafting_table":4,"minecraft:spruce_log":6,"minecraft:diamond_pickaxe":35,"minecraft:apple":2,"minecraft:oak_button":1,"minecraft:iron_pickaxe":252,"tombstone:magic_scroll":11,"tombstone:grave_key":3,"alexscaves:porous_coprolith":1,"minecraft:stone_axe":16,"minecraft:diamond_sword":241,"minecraft:cobblestone":16,"minecraft:bucket":2,"alexsmobs:animal_dictionary":5,"minecraft:experience_bottle":2},"minecraft:broken":{"minecraft:stone_sword":1,"medieval_craft_weapons:plate_boots":1,"minecraft:leather_chestplate":1,"medieval_craft_weapons:plate_helmet":1,"minecraft:iron_pickaxe":1},"minecraft:picked_up":{"medieval_craft_weapons:musket":1,"minecraft:crafting_table":2,"medieval_craft_weapons:brigandine_chestplate":1,"minecraft:flower_pot":1,"minecraft:wooden_pickaxe":1,"minecraft:enchanted_book":1,"medieval_craft_weapons:plate_boots":1,"minecraft:brewing_stand":2,"minecraft:string":1,"minecraft:iron_axe":1,"minecraft:smooth_stone_slab":1,"minecraft:iron_shovel":1,"minecraft:oak_sign":2,"minecraft:cobbled_deepslate":6,"unusualprehistory:plant_fossil_item":4,"minecraft:poppy":1,"minecraft:spruce_slab":3,"minecraft:furnace":1,"medieval_craft_weapons:mace":1,"minecraft:stick":5,"minecraft:raw_iron":44,"minecraft:torch":4,"medieval_craft_weapons:titanite_nugget_1":4,"tombstone:grave_dust":30,"minecraft:carrot":1,"minecraft:arrow":3,"minecraft:rotten_flesh":96,"minecraft:gold_ingot":4,"tombstone:essence_of_undeath":1,"minecraft:cobblestone":35,"minecraft:leather_chestplate":1,"minecraft:leather":4,"minecraft:oak_log":5,"medieval_craft_weapons:long_sword":1,"medieval_craft_weapons:plate_chestplate":1,"minecraft:lapis_lazuli":5,"minecraft:dirt":12,"minecraft:bone":4,"minecraft:stone_bricks":4,"medieval_craft_weapons:greathelmet_helmet":1,"minecraft:wheat_seeds":1,"minecraft:iron_ingot":25,"minecraft:mossy_stone_bricks":1,"alexscaves:porous_coprolith":2,"minecraft:iron_sword":1,"minecraft:oak_planks":1,"minecraft:polished_andesite_stairs":1,"medieval_craft_weapons:plate_leggings":1,"medieval_craft_weapons:plate_helmet":1,"minecraft:diamond_block":11,"minecraft:spider_eye":2,"minecraft:diamond":17,"minecraft:mossy_cobblestone_stairs":2,"minecraft:oak_button":1,"tombstone:magic_scroll":2,"minecraft:oak_sapling":4,"minecraft:coal":72,"unusualprehistory:mezo_fossil":5},"minecraft:mined":{"alexscaves:guanostone":42,"minecraft:spruce_planks":1,"unusualprehistory:permafrost":2,"minecraft:deepslate_diamond_ore":4,"minecraft:cobblestone_stairs":1,"minecraft:sculk_vein":1,"minecraft:jungle_leaves":3,"minecraft:brewing_stand":1,"unusualprehistory:plant_fossil":4,"minecraft:spruce_leaves":1,"alexscaves:coprolith":32,"minecraft:spawner":15,"minecraft:furnace":1,"minecraft:packed_mud":6,"minecraft:mossy_cobblestone_stairs":2,"minecraft:iron_ore":44,"minecraft:diamond_block":11,"minecraft:vine":3,"biomesoplenty:webbing":14,"minecraft:stone":55,"alexscaves:porous_coprolith":1,"minecraft:crafting_table":2,"minecraft:polished_andesite_stairs":1,"minecraft:tall_grass":2,"minecraft:cobblestone":13,"minecraft:oak_planks":1,"minecraft:wall_torch":6,"minecraft:redstone_torch":1,"unusualprehistory:stone_fossil":5,"minecraft:potted_poppy":1,"minecraft:smooth_stone_slab":2,"minecraft:grass":20,"minecraft:coal_ore":58,"minecraft:oak_log":6,"minecraft:flower_pot":1,"minecraft:dirt":11,"biomesoplenty:stringy_cobweb":1,"minecraft:cobweb":1,"minecraft:polished_andesite":1,"minecraft:stone_bricks":4,"minecraft:oak_leaves":3,"minecraft:deepslate":45,"minecraft:fern":2},"minecraft:custom":{"minecraft:mob_kills":180,"minecraft:interact_with_crafting_table":8,"minecraft:open_barrel":2,"minecraft:leave_game":4,"minecraft:time_since_death":0,"minecraft:climb_one_cm":22715,"minecraft:sprint_one_cm":341292,"minecraft:walk_one_cm":210239,"minecraft:damage_blocked_by_shield":2496,"minecraft:drop":50,"minecraft:play_time":136216,"minecraft:deaths":41,"minecraft:sneak_time":21168,"minecraft:walk_under_water_one_cm":5126,"tombstone:tomb_raiding":1,"minecraft:jump":2134,"minecraft:walk_on_water_one_cm":5323,"minecraft:total_world_time":136216,"minecraft:interact_with_furnace":5,"minecraft:time_since_rest":22,"minecraft:damage_taken":12789,"minecraft:damage_absorbed":78,"tombstone:sneak_grave":15,"minecraft:damage_dealt":21749,"tombstone:cast_on_ally":1,"minecraft:swim_one_cm":32310,"minecraft:fly_one_cm":327441,"minecraft:player_kills":8,"minecraft:open_chest":61,"minecraft:crouch_one_cm":38487,"tombstone:undead_killed":94,"minecraft:fall_one_cm":51111},"minecraft:dropped":{"minecraft:wheat_seeds":2,"medieval_craft_weapons:mace":1,"minecraft:lapis_lazuli":10,"minecraft:cobblestone":2,"minecraft:saddle":1,"medieval_craft_weapons:bullet":7,"minecraft:emerald":1,"minecraft:dirt":12,"minecraft:brewing_stand":1,"tombstone:grave_dust":1,"medieval_craft_weapons:greathelmet_helmet":1,"minecraft:iron_axe":2,"minecraft:iron_shovel":2,"medieval_craft_weapons:brigandine_chestplate":1,"alexscaves:porous_coprolith":1,"minecraft:dark_oak_planks":2,"minecraft:gold_ingot":4,"minecraft:diamond_block":5,"alexsmobs:animal_dictionary":1,"minecraft:smooth_stone_slab":1,"medieval_craft_weapons:long_sword":1,"minecraft:rotten_flesh":73,"minecraft:oak_planks":1,"minecraft:iron_boots":2,"minecraft:oak_sign":1,"minecraft:diamond_sword":1,"minecraft:shield":1,"minecraft:flower_pot":1,"minecraft:iron_chestplate":1,"minecraft:oak_sapling":4,"minecraft:stone_bricks":4,"minecraft:spruce_log":4,"minecraft:arrow":1,"minecraft:wooden_pickaxe":2,"minecraft:stone_pickaxe":1}},"DataVersion":3465}