{"stats":{"minecraft:mined":{"minecraft:dark_oak_planks":8,"alexscaves:guanostone":42,"minecraft:stone_pressure_plate":3,"minecraft:spruce_planks":1,"unusualprehistory:permafrost":2,"minecraft:cobblestone_stairs":2,"minecraft:sculk_vein":1,"minecraft:jungle_leaves":3,"minecraft:end_stone_brick_wall":9,"minecraft:brewing_stand":1,"minecraft:obsidian":12,"minecraft:granite":2,"minecraft:grass_block":81,"unusualprehistory:plant_fossil":4,"minecraft:coal_block":19,"minecraft:purpur_slab":4,"alexscaves:coprolith":32,"minecraft:spawner":24,"biomesoplenty:blackstone_bulb":1,"minecraft:magma_block":2,"biomesoplenty:tall_lavender":1,"minecraft:mossy_cobblestone_stairs":2,"minecraft:red_nether_brick_stairs":1,"minecraft:iron_ore":45,"minecraft:fire":14,"minecraft:nether_brick_stairs":3,"minecraft:enchanting_table":1,"minecraft:iron_bars":2,"biomesoplenty:webbing":14,"minecraft:end_stone_bricks":15,"biomesoplenty:jacaranda_leaves":3,"minecraft:blackstone":59,"biomesoplenty:blackstone_spines":7,"minecraft:torch":3,"minecraft:end_stone_brick_slab":2,"minecraft:polished_andesite_stairs":1,"minecraft:chest":1,"minecraft:nether_quartz_ore":53,"minecraft:cobblestone":15,"minecraft:sugar_cane":7,"minecraft:oak_planks":1,"minecraft:iron_door":1,"minecraft:wall_torch":7,"unusualprehistory:stone_fossil":5,"minecraft:purpur_block":8,"minecraft:potted_poppy":1,"minecraft:smooth_stone_slab":4,"minecraft:grass":143,"minecraft:oak_log":6,"minecraft:dirt":35,"minecraft:dispenser":8,"minecraft:netherrack":59,"minecraft:oak_leaves":7,"minecraft:deepslate":45,"alexscaves:spelunkery_table":1,"minecraft:deepslate_diamond_ore":4,"biomesoplenty:desert_grass":1,"minecraft:dark_oak_log":2,"minecraft:end_stone":239,"minecraft:shulker_box":3,"minecraft:nether_bricks":50,"biomesoplenty:bush":14,"minecraft:spruce_leaves":1,"minecraft:cracked_nether_bricks":3,"minecraft:packed_mud":6,"minecraft:furnace":1,"minecraft:diamond_block":11,"minecraft:nether_brick_fence":1,"minecraft:bookshelf":36,"minecraft:vine":3,"minecraft:chorus_plant":2,"minecraft:stone":101,"minecraft:bone_block":2,"minecraft:ender_chest":1,"minecraft:glass_pane":7,"minecraft:chiseled_nether_bricks":1,"alexscaves:porous_coprolith":1,"minecraft:magenta_stained_glass":4,"minecraft:crafting_table":3,"minecraft:tall_grass":22,"minecraft:purpur_pillar":3,"minecraft:copper_ore":2,"biomesoplenty:sprout":1,"minecraft:diorite":3,"minecraft:end_stone_brick_stairs":1,"minecraft:redstone_torch":1,"minecraft:birch_leaves":1,"minecraft:coal_ore":61,"minecraft:sunflower":12,"minecraft:flower_pot":1,"biomesoplenty:stringy_cobweb":1,"minecraft:cobweb":1,"minecraft:stone_bricks":7,"minecraft:polished_andesite":1,"minecraft:mossy_stone_bricks":2,"minecraft:fern":2},"minecraft:killed":{"minecraft:spider":3,"alexsmobs:enderiophage":3,"medieval_craft_weapons:knight":26,"minecraft:shulker":38,"minecraft:skeleton":25,"medieval_craft_weapons:soldier":11,"alexsmobs:straddler":12,"alexsmobs:centipede_head":1,"minecraft:illusioner":2,"minecraft:skeleton_horse":5,"minecraft:piglin":1,"minecraft:pig":1,"alexsmobs:stradpole":1,"minecraft:ender_dragon":1,"minecraft:creeper":3,"minecraft:zombie":101,"minecraft:blaze":29,"minecraft:cow":9,"medieval_craft_weapons:heavyknight":1,"alexsmobs:dropbear":1,"minecraft:evoker":3,"minecraft:vex":2,"medieval_craft_weapons:archer":10,"minecraft:vindicator":8,"alexsmobs:tasmanian_devil":1,"minecraft:slime":3,"minecraft:horse":6,"alexsmobs:gazelle":1,"minecraft:wither_skeleton":11,"minecraft:enderman":37},"minecraft:dropped":{"minecraft:iron_sword":1,"medieval_craft_weapons:mace":1,"minecraft:lapis_lazuli":55,"minecraft:chorus_fruit":1,"minecraft:diamond":1,"biomesoplenty:rose_quartz_chunk":1,"minecraft:saddle":1,"minecraft:elytra":1,"minecraft:leather_helmet":1,"minecraft:item_frame":1,"minecraft:emerald":1,"minecraft:dirt":15,"minecraft:red_bed":1,"minecraft:sunflower":12,"minecraft:dark_oak_planks":2,"minecraft:birch_log":4,"minecraft:gold_ingot":4,"minecraft:bone":1,"minecraft:purpur_block":2,"minecraft:sugar_cane":1,"minecraft:diamond_block":5,"alexsmobs:animal_dictionary":1,"minecraft:obsidian":1,"minecraft:rotten_flesh":78,"minecraft:oak_planks":1,"minecraft:end_stone":4,"ageofweapons:sword_of_kings":4,"minecraft:arrow":1,"biomesoplenty:jacaranda_stairs":2,"biomesoplenty:tall_lavender":1,"minecraft:enchanted_book":1,"minecraft:iron_ingot":24,"minecraft:chiseled_nether_bricks":1,"minecraft:wheat_seeds":7,"minecraft:end_stone_brick_slab":2,"minecraft:cobblestone":132,"minecraft:book":57,"medieval_craft_weapons:bullet":7,"minecraft:stick":2,"minecraft:brewing_stand":1,"minecraft:iron_door":1,"minecraft:diamond_helmet":1,"tombstone:grave_dust":1,"minecraft:iron_leggings":1,"medieval_craft_weapons:greathelmet_helmet":1,"minecraft:iron_axe":2,"medieval_craft_weapons:brigandine_chestplate":1,"minecraft:iron_shovel":2,"alexscaves:porous_coprolith":1,"minecraft:purpur_pillar":1,"minecraft:stone_sword":1,"minecraft:smooth_stone_slab":1,"medieval_craft_weapons:long_sword":1,"minecraft:raw_iron":1,"minecraft:iron_boots":2,"minecraft:end_stone_brick_wall":3,"minecraft:oak_sign":1,"minecraft:red_nether_brick_stairs":1,"minecraft:diamond_sword":1,"minecraft:shield":1,"minecraft:flower_pot":1,"minecraft:end_stone_brick_stairs":1,"minecraft:spruce_planks":1,"minecraft:iron_chestplate":1,"minecraft:oak_sapling":4,"minecraft:stone_bricks":4,"minecraft:slime_ball":66,"minecraft:spruce_log":4,"minecraft:bow":1,"minecraft:stone_pickaxe":1,"minecraft:wooden_pickaxe":2,"minecraft:magma_block":1,"minecraft:nether_brick_stairs":3},"minecraft:crafted":{"minecraft:oak_planks":20,"minecraft:dark_oak_boat":1,"minecraft:blaze_powder":18,"minecraft:bookshelf":16,"minecraft:bow":4,"minecraft:diamond_helmet":2,"minecraft:diamond_leggings":2,"minecraft:chest":7,"minecraft:ender_eye":18,"sophisticatedbackpacks:backpack":1,"minecraft:diamond_axe":1,"minecraft:crafting_table":5,"minecraft:spruce_planks":120,"minecraft:wooden_pickaxe":1,"minecraft:paper":12,"minecraft:diamond_pickaxe":2,"minecraft:shield":1,"sophisticatedbackpacks:diamond_backpack":1,"minecraft:stick":24,"minecraft:iron_ingot":6,"minecraft:iron_pickaxe":1,"minecraft:iron_block":6,"minecraft:stone_sword":1,"minecraft:furnace":1,"minecraft:diamond_block":2,"minecraft:diamond":36,"minecraft:stone_pickaxe":1,"minecraft:diamond_boots":2,"minecraft:spruce_boat":1,"minecraft:dark_oak_planks":96,"sophisticatedbackpacks:iron_backpack":1,"minecraft:enchanting_table":1,"minecraft:iron_sword":1,"sophisticatedbackpacks:gold_backpack":1,"minecraft:stone_axe":1,"minecraft:air":0,"minecraft:golden_apple":6,"goldenfoods:golden_bread":1,"minecraft:anvil":2,"minecraft:torch":28,"minecraft:diamond_chestplate":1},"minecraft:used":{"minecraft:oak_sign":1,"minecraft:chest":7,"minecraft:shield":138,"minecraft:iron_sword":78,"goldenfoods:golden_bread":1,"minecraft:rotten_flesh":20,"minecraft:nether_bricks":23,"minecraft:obsidian":10,"minecraft:spruce_boat":41,"minecraft:polished_andesite_stairs":1,"ageofweapons:elucidator":349,"minecraft:bow":171,"minecraft:dark_oak_boat":5,"minecraft:furnace":2,"minecraft:diamond_boots":2,"minecraft:stone_pickaxe":72,"minecraft:blackstone":31,"minecraft:ender_pearl":4,"minecraft:wooden_pickaxe":8,"minecraft:diamond_axe":67,"minecraft:golden_apple":7,"minecraft:lingering_potion":1,"minecraft:end_stone":194,"waystones:waystone":1,"minecraft:bread":89,"tombstone:grave_key":31,"minecraft:diamond_sword":746,"minecraft:grindstone":1,"minecraft:experience_bottle":2,"minecraft:purpur_block":3,"sophisticatedbackpacks:iron_backpack":2,"minecraft:enchanting_table":2,"minecraft:stone_sword":131,"minecraft:flint_and_steel":4,"minecraft:torch":88,"minecraft:brewing_stand":1,"minecraft:dirt":98,"minecraft:anvil":2,"minecraft:diamond_helmet":1,"minecraft:shulker_box":2,"minecraft:mossy_cobblestone_stairs":2,"minecraft:dark_oak_planks":25,"minecraft:bookshelf":16,"minecraft:iron_axe":10,"alexscaves:spelunkery_table":1,"minecraft:diamond_chestplate":1,"ageofweapons:nightmare_scythe":1,"tombstone:gift":15,"medieval_craft_weapons:spear_1":9,"minecraft:cooked_beef":63,"minecraft:cobbled_deepslate":6,"minecraft:water_bucket":115,"tombstone:scroll_of_reach":1,"minecraft:diamond_block":1,"minecraft:crafting_table":8,"minecraft:spruce_log":6,"minecraft:ender_eye":20,"minecraft:diamond_pickaxe":705,"minecraft:apple":2,"minecraft:sunflower":6,"minecraft:oak_button":1,"minecraft:iron_pickaxe":252,"tombstone:magic_scroll":11,"minecraft:cracked_nether_bricks":2,"minecraft:purpur_slab":1,"alexscaves:porous_coprolith":1,"minecraft:stone_axe":16,"minecraft:cobblestone":62,"minecraft:cooked_porkchop":1,"minecraft:bucket":116,"alexsmobs:animal_dictionary":5,"alexsmobs:emu_egg":1,"minecraft:diamond_leggings":2},"minecraft:broken":{"medieval_craft_weapons:plate_chestplate":1,"medieval_craft_weapons:plate_boots":1,"minecraft:chainmail_boots":1,"minecraft:diamond_boots":1,"minecraft:stone_sword":1,"minecraft:leather_chestplate":1,"medieval_craft_weapons:plate_helmet":1,"minecraft:shield":2,"medieval_craft_weapons:plate_leggings":1,"minecraft:iron_pickaxe":1},"minecraft:killed_by":{"minecraft:wither_skeleton":4,"medieval_craft_weapons:heavyknight":4,"alexsmobs:straddler":12,"medieval_craft_weapons:archer":9,"unusualprehistory:sludge":1,"minecraft:vindicator":9,"minecraft:blaze":6,"minecraft:zombie":8,"medieval_craft_weapons:knight":12,"medieval_craft_weapons:soldier":6,"minecraft:vex":2,"minecraft:player":10,"minecraft:enderman":3,"minecraft:ender_dragon":9,"minecraft:skeleton":3,"alexsmobs:crimson_mosquito":1},"minecraft:custom":{"minecraft:interact_with_crafting_table":43,"minecraft:open_barrel":140,"minecraft:open_shulker_box":5,"minecraft:bell_ring":3,"minecraft:leave_game":7,"minecraft:time_since_death":52640,"minecraft:sprint_one_cm":1259227,"minecraft:damage_blocked_by_shield":6398,"minecraft:drop":117,"minecraft:play_time":500750,"minecraft:deaths":108,"tombstone:tomb_raiding":1,"minecraft:jump":9455,"minecraft:interact_with_brewingstand":3,"minecraft:walk_on_water_one_cm":55225,"minecraft:enchant_item":38,"minecraft:interact_with_furnace":6,"minecraft:interact_with_loom":9,"minecraft:sleep_in_bed":2,"minecraft:waystone_activated":4,"minecraft:open_enderchest":1,"tombstone:sneak_grave":24,"minecraft:damage_dealt":78291,"minecraft:player_kills":30,"minecraft:crouch_one_cm":96026,"tombstone:undead_killed":142,"minecraft:inspect_dispenser":5,"minecraft:horse_one_cm":26,"minecraft:interact_with_anvil":13,"minecraft:mob_kills":408,"minecraft:climb_one_cm":41029,"minecraft:walk_one_cm":747152,"minecraft:damage_dealt_absorbed":80,"minecraft:sneak_time":45404,"minecraft:walk_under_water_one_cm":38951,"minecraft:total_world_time":500750,"tombstone:raider_killed":13,"minecraft:interact_with_grindstone":27,"minecraft:time_since_rest":52427,"minecraft:damage_taken":39238,"minecraft:damage_absorbed":307,"tombstone:cast_on_ally":1,"minecraft:swim_one_cm":52123,"minecraft:fly_one_cm":2515844,"minecraft:open_chest":280,"minecraft:fall_one_cm":316576},"minecraft:picked_up":{"minecraft:shulker_shell":16,"medieval_craft_weapons:musket":1,"ageofweapons:sword_of_kings":3,"minecraft:nether_brick_fence":1,"minecraft:flower_pot":2,"minecraft:oak_stairs":1,"minecraft:enchanted_book":3,"minecraft:brewing_stand":2,"minecraft:string":12,"minecraft:raw_copper":7,"minecraft:smooth_stone_slab":2,"biomesoplenty:tall_lavender":1,"minecraft:oak_sign":2,"minecraft:gold_nugget":1,"minecraft:cobbled_deepslate":6,"minecraft:ender_eye":5,"unusualprehistory:plant_fossil_item":4,"minecraft:coal_block":19,"minecraft:furnace":1,"medieval_craft_weapons:mace":1,"minecraft:stick":5,"minecraft:torch":14,"minecraft:purpur_pillar":3,"tombstone:grave_dust":36,"minecraft:diorite":3,"minecraft:chiseled_nether_bricks":1,"minecraft:stone_sword":1,"minecraft:rotten_flesh":104,"biomesoplenty:rose_quartz_chunk":1,"alexsmobs:capsid":6,"alexsmobs:emu_egg":1,"minecraft:blaze_rod":12,"minecraft:obsidian":13,"minecraft:cobblestone":139,"minecraft:birch_log":2,"minecraft:enchanting_table":1,"minecraft:magma_block":1,"minecraft:leather_chestplate":1,"minecraft:cooked_beef":15,"minecraft:iron_door":1,"minecraft:dark_oak_boat":5,"minecraft:potato":1,"medieval_craft_weapons:plate_chestplate":1,"minecraft:lapis_lazuli":11,"minecraft:dirt":25,"minecraft:name_tag":1,"minecraft:bone":28,"minecraft:bow":3,"minecraft:wheat_seeds":13,"minecraft:mossy_stone_bricks":3,"alexscaves:porous_coprolith":2,"minecraft:oak_planks":1,"minecraft:nether_brick_stairs":3,"medieval_craft_weapons:plate_helmet":1,"minecraft:diamond_block":11,"minecraft:dark_oak_log":1,"minecraft:shulker_box":3,"medieval_craft_weapons:bullet":5,"minecraft:dispenser":8,"minecraft:diamond":95,"minecraft:spruce_boat":40,"waystones:waystone":1,"minecraft:granite":2,"minecraft:emerald":6,"alexsmobs:maggot":1,"minecraft:oak_sapling":4,"minecraft:chorus_fruit":24,"minecraft:netherrack":54,"minecraft:end_stone_bricks":13,"minecraft:lingering_potion":20,"minecraft:crafting_table":3,"minecraft:end_stone_brick_stairs":1,"medieval_craft_weapons:brigandine_chestplate":1,"minecraft:nether_wart":1,"minecraft:wooden_pickaxe":1,"medieval_craft_weapons:plate_boots":1,"minecraft:purpur_block":6,"minecraft:end_stone_brick_wall":3,"minecraft:red_bed":1,"minecraft:elytra":2,"minecraft:iron_axe":2,"minecraft:white_carpet":1,"minecraft:item_frame":1,"minecraft:iron_shovel":1,"minecraft:blackstone":55,"minecraft:poppy":1,"minecraft:spruce_slab":3,"minecraft:sugar_cane":13,"minecraft:chest":1,"minecraft:raw_iron":45,"minecraft:end_stone":226,"medieval_craft_weapons:titanite_nugget_1":11,"alexsmobs:straddlite":1,"sophisticatedbackpacks:backpack":1,"minecraft:carrot":1,"minecraft:stone_pressure_plate":8,"minecraft:dark_oak_planks":10,"minecraft:arrow":80,"biomesoplenty:jacaranda_stairs":2,"minecraft:nether_bricks":39,"minecraft:purpur_slab":4,"alexscaves:spelunkery_table":1,"tombstone:essence_of_undeath":1,"minecraft:gold_ingot":5,"minecraft:totem_of_undying":3,"minecraft:air":0,"minecraft:basalt":17,"minecraft:leather":8,"minecraft:oak_log":5,"medieval_craft_weapons:long_sword":1,"minecraft:gunpowder":3,"minecraft:cobblestone_stairs":1,"minecraft:red_nether_brick_stairs":1,"minecraft:stone_bricks":7,"medieval_craft_weapons:greathelmet_helmet":1,"minecraft:iron_ingot":25,"minecraft:iron_sword":1,"minecraft:book":108,"minecraft:polished_andesite_stairs":1,"medieval_craft_weapons:plate_leggings":1,"minecraft:quartz":53,"minecraft:cracked_nether_bricks":2,"minecraft:spider_eye":2,"minecraft:dragon_egg":1,"minecraft:slime_ball":3,"minecraft:mossy_cobblestone_stairs":2,"minecraft:oak_button":1,"tombstone:magic_scroll":2,"minecraft:end_stone_brick_slab":1,"medieval_craft_weapons:titanite_chunk_7":1,"minecraft:coal":83,"unusualprehistory:mezo_fossil":5,"minecraft:ender_pearl":19,"minecraft:sunflower":17}},"DataVersion":3465}