{"stats":{"minecraft:custom":{"minecraft:mob_kills":143,"minecraft:interact_with_crafting_table":8,"minecraft:open_barrel":2,"minecraft:leave_game":3,"minecraft:time_since_death":22392,"minecraft:climb_one_cm":18163,"minecraft:sprint_one_cm":289696,"minecraft:walk_one_cm":164720,"minecraft:damage_blocked_by_shield":1919,"minecraft:drop":48,"minecraft:play_time":113539,"minecraft:deaths":26,"minecraft:sneak_time":19464,"minecraft:walk_under_water_one_cm":5126,"tombstone:tomb_raiding":1,"minecraft:jump":1648,"minecraft:walk_on_water_one_cm":5109,"minecraft:total_world_time":113539,"minecraft:interact_with_furnace":5,"minecraft:time_since_rest":22305,"minecraft:damage_taken":8643,"minecraft:damage_absorbed":78,"tombstone:sneak_grave":11,"minecraft:damage_dealt":17953,"tombstone:cast_on_ally":1,"minecraft:swim_one_cm":32310,"minecraft:fly_one_cm":220396,"minecraft:player_kills":7,"minecraft:open_chest":44,"minecraft:crouch_one_cm":37250,"tombstone:undead_killed":93,"minecraft:fall_one_cm":34370},"minecraft:broken":{"minecraft:stone_sword":1,"minecraft:leather_chestplate":1,"minecraft:iron_pickaxe":1},"minecraft:picked_up":{"medieval_craft_weapons:musket":1,"minecraft:crafting_table":2,"medieval_craft_weapons:brigandine_chestplate":1,"minecraft:flower_pot":1,"minecraft:wooden_pickaxe":1,"minecraft:enchanted_book":1,"medieval_craft_weapons:plate_boots":1,"minecraft:brewing_stand":2,"minecraft:string":1,"minecraft:iron_axe":1,"minecraft:smooth_stone_slab":1,"minecraft:iron_shovel":1,"minecraft:oak_sign":2,"minecraft:cobbled_deepslate":6,"unusualprehistory:plant_fossil_item":4,"minecraft:poppy":1,"minecraft:spruce_slab":3,"minecraft:furnace":1,"medieval_craft_weapons:mace":1,"minecraft:raw_iron":35,"minecraft:stick":5,"medieval_craft_weapons:titanite_nugget_1":3,"minecraft:torch":2,"tombstone:grave_dust":30,"minecraft:carrot":1,"minecraft:arrow":3,"minecraft:rotten_flesh":96,"tombstone:essence_of_undeath":1,"minecraft:cobblestone":34,"minecraft:leather_chestplate":1,"minecraft:oak_log":5,"medieval_craft_weapons:long_sword":1,"medieval_craft_weapons:plate_chestplate":1,"minecraft:lapis_lazuli":5,"minecraft:dirt":12,"minecraft:bone":4,"minecraft:stone_bricks":4,"medieval_craft_weapons:greathelmet_helmet":1,"minecraft:wheat_seeds":1,"minecraft:iron_ingot":25,"minecraft:mossy_stone_bricks":1,"alexscaves:porous_coprolith":2,"minecraft:iron_sword":1,"minecraft:oak_planks":1,"minecraft:polished_andesite_stairs":1,"medieval_craft_weapons:plate_leggings":1,"medieval_craft_weapons:plate_helmet":1,"minecraft:diamond_block":11,"minecraft:spider_eye":2,"minecraft:diamond":17,"minecraft:mossy_cobblestone_stairs":2,"minecraft:oak_button":1,"tombstone:magic_scroll":2,"minecraft:oak_sapling":4,"minecraft:coal":72,"unusualprehistory:mezo_fossil":5},"minecraft:crafted":{"minecraft:oak_planks":20,"minecraft:furnace":1,"minecraft:diamond_block":2,"minecraft:stone_pickaxe":1,"minecraft:dark_oak_planks":4,"minecraft:diamond_axe":1,"minecraft:crafting_table":2,"minecraft:spruce_planks":4,"minecraft:wooden_pickaxe":1,"minecraft:iron_sword":1,"minecraft:stone_axe":1,"minecraft:air":0,"minecraft:diamond_pickaxe":1,"minecraft:shield":1,"minecraft:stick":16,"minecraft:iron_pickaxe":1,"minecraft:iron_ingot":6,"minecraft:stone_sword":1,"minecraft:torch":28},"minecraft:mined":{"alexscaves:guanostone":42,"minecraft:spruce_planks":1,"unusualprehistory:permafrost":2,"minecraft:deepslate_diamond_ore":4,"minecraft:sculk_vein":1,"minecraft:jungle_leaves":3,"minecraft:brewing_stand":1,"unusualprehistory:plant_fossil":4,"minecraft:spruce_leaves":1,"alexscaves:coprolith":32,"minecraft:spawner":15,"minecraft:packed_mud":6,"minecraft:furnace":1,"minecraft:mossy_cobblestone_stairs":2,"minecraft:iron_ore":35,"minecraft:diamond_block":11,"minecraft:vine":3,"minecraft:stone":55,"alexscaves:porous_coprolith":1,"minecraft:crafting_table":2,"minecraft:polished_andesite_stairs":1,"minecraft:tall_grass":1,"minecraft:cobblestone":10,"minecraft:oak_planks":1,"minecraft:wall_torch":4,"minecraft:redstone_torch":1,"unusualprehistory:stone_fossil":5,"minecraft:potted_poppy":1,"minecraft:smooth_stone_slab":2,"minecraft:grass":13,"minecraft:oak_log":6,"minecraft:coal_ore":58,"minecraft:dirt":11,"minecraft:flower_pot":1,"minecraft:cobweb":1,"minecraft:stone_bricks":3,"minecraft:oak_leaves":3,"minecraft:deepslate":45,"minecraft:fern":2},"minecraft:killed_by":{"medieval_craft_weapons:heavyknight":1,"medieval_craft_weapons:archer":5,"minecraft:skeleton":1,"minecraft:zombie":8,"medieval_craft_weapons:knight":6,"medieval_craft_weapons:soldier":4},"minecraft:used":{"minecraft:stone_sword":131,"minecraft:oak_sign":1,"minecraft:shield":68,"minecraft:iron_sword":78,"minecraft:rotten_flesh":17,"minecraft:torch":24,"minecraft:mossy_cobblestone_stairs":2,"minecraft:iron_axe":10,"minecraft:polished_andesite_stairs":1,"minecraft:furnace":2,"tombstone:gift":12,"minecraft:cooked_beef":16,"minecraft:cobbled_deepslate":6,"tombstone:scroll_of_reach":1,"minecraft:stone_pickaxe":72,"minecraft:wooden_pickaxe":8,"minecraft:diamond_axe":2,"minecraft:diamond_block":1,"minecraft:crafting_table":4,"minecraft:diamond_pickaxe":19,"minecraft:apple":2,"minecraft:oak_button":1,"minecraft:iron_pickaxe":252,"tombstone:magic_scroll":11,"alexscaves:porous_coprolith":1,"tombstone:grave_key":2,"minecraft:stone_axe":16,"minecraft:diamond_sword":148,"minecraft:cobblestone":15,"alexsmobs:animal_dictionary":5},"minecraft:killed":{"medieval_craft_weapons:archer":2,"medieval_craft_weapons:knight":9,"alexsmobs:tasmanian_devil":1,"minecraft:skeleton":3,"medieval_craft_weapons:soldier":6,"minecraft:zombie":90,"medieval_craft_weapons:heavyknight":1},"minecraft:dropped":{"minecraft:wheat_seeds":2,"medieval_craft_weapons:mace":1,"minecraft:lapis_lazuli":10,"minecraft:cobblestone":2,"minecraft:saddle":1,"minecraft:emerald":1,"minecraft:dirt":12,"minecraft:brewing_stand":1,"tombstone:grave_dust":1,"medieval_craft_weapons:greathelmet_helmet":1,"minecraft:iron_axe":2,"minecraft:iron_shovel":2,"medieval_craft_weapons:brigandine_chestplate":1,"alexscaves:porous_coprolith":1,"minecraft:dark_oak_planks":2,"minecraft:diamond_block":5,"alexsmobs:animal_dictionary":1,"minecraft:smooth_stone_slab":1,"medieval_craft_weapons:long_sword":1,"minecraft:rotten_flesh":73,"minecraft:oak_planks":1,"minecraft:iron_boots":2,"minecraft:oak_sign":1,"minecraft:diamond_sword":1,"minecraft:shield":1,"minecraft:flower_pot":1,"minecraft:iron_chestplate":1,"minecraft:oak_sapling":4,"minecraft:stone_bricks":4,"minecraft:spruce_log":4,"minecraft:arrow":1,"minecraft:stone_pickaxe":1,"minecraft:wooden_pickaxe":2}},"DataVersion":3465}