{"stats":{"minecraft:custom":{"minecraft:interact_with_furnace":5,"minecraft:mob_kills":79,"minecraft:interact_with_crafting_table":7,"minecraft:leave_game":2,"minecraft:time_since_death":6587,"minecraft:climb_one_cm":1915,"minecraft:time_since_rest":783,"minecraft:sprint_one_cm":45447,"minecraft:damage_taken":525,"minecraft:walk_one_cm":33286,"minecraft:damage_blocked_by_shield":180,"tombstone:sneak_grave":2,"minecraft:drop":4,"minecraft:damage_dealt":11191,"minecraft:swim_one_cm":3827,"minecraft:fly_one_cm":59466,"minecraft:player_kills":2,"minecraft:open_chest":1,"minecraft:crouch_one_cm":18583,"minecraft:play_time":44148,"tombstone:undead_killed":79,"minecraft:deaths":2,"minecraft:sneak_time":9234,"minecraft:walk_under_water_one_cm":240,"tombstone:tomb_raiding":1,"minecraft:jump":554,"minecraft:walk_on_water_one_cm":304,"minecraft:total_world_time":44148,"minecraft:fall_one_cm":11152},"minecraft:broken":{"minecraft:stone_sword":1},"minecraft:picked_up":{"minecraft:crafting_table":2,"minecraft:leather_chestplate":1,"minecraft:oak_log":5,"minecraft:iron_shovel":1,"minecraft:iron_ingot":1,"minecraft:furnace":1,"minecraft:polished_andesite_stairs":1,"minecraft:stick":5,"minecraft:raw_iron":6,"medieval_craft_weapons:titanite_nugget_1":3,"tombstone:grave_dust":27,"minecraft:carrot":1,"minecraft:rotten_flesh":86,"minecraft:mossy_cobblestone_stairs":1,"tombstone:essence_of_undeath":1,"tombstone:magic_scroll":2,"minecraft:oak_sapling":2,"minecraft:coal":66,"minecraft:cobblestone":26},"minecraft:crafted":{"minecraft:oak_planks":20,"minecraft:crafting_table":1,"minecraft:wooden_pickaxe":1,"minecraft:iron_sword":1,"minecraft:furnace":1,"minecraft:stone_axe":1,"minecraft:air":0,"minecraft:shield":1,"minecraft:stick":12,"minecraft:iron_ingot":6,"minecraft:iron_pickaxe":1,"minecraft:stone_pickaxe":1,"minecraft:stone_sword":1,"minecraft:torch":16},"minecraft:mined":{"minecraft:jungle_leaves":3,"minecraft:crafting_table":2,"minecraft:polished_andesite_stairs":1,"minecraft:spawner":2,"minecraft:furnace":1,"minecraft:mossy_cobblestone_stairs":1,"minecraft:iron_ore":6,"minecraft:grass":2,"minecraft:coal_ore":52,"minecraft:oak_log":5,"minecraft:stone":27,"minecraft:oak_leaves":2,"minecraft:fern":2},"minecraft:killed_by":{"minecraft:zombie":1},"minecraft:used":{"minecraft:stone_sword":131,"minecraft:stone_pickaxe":72,"minecraft:wooden_pickaxe":8,"minecraft:shield":5,"minecraft:iron_sword":68,"minecraft:rotten_flesh":5,"minecraft:torch":9,"minecraft:crafting_table":3,"minecraft:mossy_cobblestone_stairs":1,"minecraft:iron_pickaxe":10,"minecraft:polished_andesite_stairs":1,"minecraft:stone_axe":16,"minecraft:cobblestone":10,"minecraft:furnace":2,"tombstone:gift":2,"alexsmobs:animal_dictionary":3},"minecraft:killed":{"minecraft:zombie":79},"minecraft:dropped":{"minecraft:wheat_seeds":1,"alexsmobs:animal_dictionary":1,"tombstone:grave_dust":1,"minecraft:wooden_pickaxe":1}},"DataVersion":3465}