{"stats":{"minecraft:custom":{"minecraft:interact_with_furnace":5,"minecraft:mob_kills":102,"minecraft:interact_with_crafting_table":7,"minecraft:leave_game":3,"minecraft:time_since_death":4358,"minecraft:climb_one_cm":5886,"minecraft:time_since_rest":4182,"minecraft:sprint_one_cm":200539,"minecraft:damage_taken":5153,"minecraft:walk_one_cm":88299,"minecraft:damage_blocked_by_shield":1140,"tombstone:sneak_grave":6,"minecraft:drop":27,"minecraft:damage_dealt":15341,"minecraft:swim_one_cm":32310,"minecraft:fly_one_cm":132631,"minecraft:player_kills":4,"minecraft:open_chest":34,"minecraft:crouch_one_cm":23932,"minecraft:play_time":76473,"tombstone:undead_killed":92,"minecraft:deaths":17,"minecraft:sneak_time":12925,"minecraft:walk_under_water_one_cm":5105,"tombstone:tomb_raiding":1,"minecraft:jump":1088,"minecraft:walk_on_water_one_cm":3375,"minecraft:total_world_time":76473,"minecraft:fall_one_cm":19141},"minecraft:broken":{"minecraft:stone_sword":1,"minecraft:leather_chestplate":1},"minecraft:picked_up":{"medieval_craft_weapons:musket":1,"minecraft:crafting_table":2,"minecraft:leather_chestplate":1,"medieval_craft_weapons:brigandine_chestplate":1,"minecraft:flower_pot":1,"medieval_craft_weapons:plate_boots":1,"minecraft:enchanted_book":1,"minecraft:oak_log":5,"minecraft:brewing_stand":1,"medieval_craft_weapons:plate_chestplate":1,"minecraft:dirt":2,"minecraft:smooth_stone_slab":1,"minecraft:bone":4,"minecraft:iron_shovel":1,"medieval_craft_weapons:greathelmet_helmet":1,"minecraft:cobbled_deepslate":6,"minecraft:iron_ingot":1,"unusualprehistory:plant_fossil_item":4,"minecraft:poppy":1,"minecraft:oak_planks":1,"minecraft:iron_sword":1,"minecraft:furnace":1,"medieval_craft_weapons:mace":1,"minecraft:polished_andesite_stairs":1,"minecraft:stick":5,"minecraft:raw_iron":35,"medieval_craft_weapons:plate_leggings":1,"medieval_craft_weapons:titanite_nugget_1":3,"tombstone:grave_dust":30,"medieval_craft_weapons:plate_helmet":1,"minecraft:carrot":1,"minecraft:spider_eye":2,"minecraft:arrow":1,"minecraft:rotten_flesh":96,"minecraft:diamond":2,"minecraft:mossy_cobblestone_stairs":2,"tombstone:essence_of_undeath":1,"tombstone:magic_scroll":2,"minecraft:oak_sapling":2,"minecraft:coal":72,"unusualprehistory:mezo_fossil":5,"minecraft:cobblestone":32},"minecraft:crafted":{"minecraft:oak_planks":20,"minecraft:crafting_table":1,"minecraft:wooden_pickaxe":1,"minecraft:iron_sword":1,"minecraft:furnace":1,"minecraft:stone_axe":1,"minecraft:air":0,"minecraft:shield":1,"minecraft:stick":12,"minecraft:iron_ingot":6,"minecraft:iron_pickaxe":1,"minecraft:stone_pickaxe":1,"minecraft:stone_sword":1,"minecraft:torch":28},"minecraft:mined":{"unusualprehistory:permafrost":2,"minecraft:deepslate_diamond_ore":2,"minecraft:jungle_leaves":3,"minecraft:brewing_stand":1,"minecraft:crafting_table":2,"minecraft:polished_andesite_stairs":1,"unusualprehistory:plant_fossil":4,"minecraft:tall_grass":1,"minecraft:cobblestone":4,"minecraft:spawner":15,"minecraft:furnace":1,"minecraft:mossy_cobblestone_stairs":2,"minecraft:iron_ore":35,"unusualprehistory:stone_fossil":5,"minecraft:potted_poppy":1,"minecraft:smooth_stone_slab":2,"minecraft:grass":3,"minecraft:coal_ore":58,"minecraft:oak_log":5,"minecraft:dirt":2,"minecraft:flower_pot":1,"minecraft:stone":39,"minecraft:oak_leaves":2,"minecraft:deepslate":8,"minecraft:fern":2},"minecraft:killed_by":{"minecraft:skeleton":1,"minecraft:zombie":8,"medieval_craft_weapons:knight":5,"medieval_craft_weapons:soldier":2},"minecraft:used":{"minecraft:stone_sword":131,"minecraft:stone_pickaxe":72,"minecraft:wooden_pickaxe":8,"minecraft:shield":22,"minecraft:iron_sword":78,"minecraft:rotten_flesh":17,"minecraft:torch":24,"minecraft:crafting_table":3,"minecraft:mossy_cobblestone_stairs":2,"minecraft:apple":2,"minecraft:iron_axe":6,"minecraft:iron_pickaxe":104,"minecraft:polished_andesite_stairs":1,"tombstone:magic_scroll":1,"tombstone:grave_key":2,"minecraft:stone_axe":16,"minecraft:diamond_sword":63,"minecraft:cobblestone":13,"minecraft:furnace":2,"tombstone:gift":10,"alexsmobs:animal_dictionary":5,"minecraft:cooked_beef":2,"minecraft:cobbled_deepslate":6},"minecraft:killed":{"medieval_craft_weapons:archer":1,"medieval_craft_weapons:knight":2,"minecraft:skeleton":3,"medieval_craft_weapons:soldier":2,"minecraft:zombie":89},"minecraft:dropped":{"minecraft:wheat_seeds":1,"medieval_craft_weapons:mace":1,"alexsmobs:animal_dictionary":1,"minecraft:smooth_stone_slab":1,"minecraft:cobblestone":2,"minecraft:rotten_flesh":73,"minecraft:iron_boots":2,"minecraft:oak_planks":1,"minecraft:saddle":1,"minecraft:diamond_sword":1,"minecraft:dirt":2,"minecraft:shield":1,"minecraft:flower_pot":1,"minecraft:iron_chestplate":1,"minecraft:oak_sapling":2,"tombstone:grave_dust":1,"medieval_craft_weapons:greathelmet_helmet":1,"minecraft:arrow":1,"minecraft:stone_pickaxe":1,"minecraft:wooden_pickaxe":1,"minecraft:iron_shovel":2,"medieval_craft_weapons:brigandine_chestplate":1}},"DataVersion":3465}