{"stats":{"minecraft:custom":{"minecraft:time_since_rest":18234,"minecraft:interact_with_furnace":3,"minecraft:sprint_one_cm":29263,"minecraft:damage_taken":120,"minecraft:walk_one_cm":26518,"minecraft:mob_kills":34,"minecraft:drop":4,"minecraft:damage_dealt":4292,"minecraft:player_kills":2,"minecraft:swim_one_cm":3827,"minecraft:interact_with_crafting_table":5,"minecraft:fly_one_cm":53540,"minecraft:crouch_one_cm":16665,"minecraft:deaths":1,"minecraft:play_time":33621,"tombstone:undead_killed":34,"minecraft:sneak_time":6310,"minecraft:walk_under_water_one_cm":240,"tombstone:tomb_raiding":1,"minecraft:jump":372,"minecraft:leave_game":1,"minecraft:time_since_death":18421,"minecraft:walk_on_water_one_cm":304,"minecraft:total_world_time":33621,"minecraft:climb_one_cm":1915,"minecraft:fall_one_cm":10883},"minecraft:picked_up":{"minecraft:crafting_table":2,"minecraft:stick":5,"minecraft:raw_iron":6,"medieval_craft_weapons:titanite_nugget_1":1,"minecraft:oak_log":5,"tombstone:grave_dust":8,"minecraft:rotten_flesh":33,"tombstone:magic_scroll":2,"minecraft:oak_sapling":2,"minecraft:coal":66,"minecraft:cobblestone":26,"minecraft:furnace":1},"minecraft:crafted":{"minecraft:oak_planks":20,"minecraft:shield":1,"minecraft:crafting_table":1,"minecraft:stick":8,"minecraft:wooden_pickaxe":1,"minecraft:iron_ingot":4,"minecraft:iron_pickaxe":1,"minecraft:stone_pickaxe":1,"minecraft:stone_sword":1,"minecraft:furnace":1,"minecraft:torch":16,"minecraft:stone_axe":1,"minecraft:air":0},"minecraft:mined":{"minecraft:furnace":1,"minecraft:iron_ore":6,"minecraft:jungle_leaves":3,"minecraft:crafting_table":2,"minecraft:grass":2,"minecraft:coal_ore":52,"minecraft:oak_log":5,"minecraft:stone":27,"minecraft:oak_leaves":2,"minecraft:fern":2},"minecraft:used":{"minecraft:stone_sword":93,"minecraft:stone_pickaxe":72,"minecraft:iron_pickaxe":6,"minecraft:wooden_pickaxe":8,"minecraft:stone_axe":2,"minecraft:torch":2,"minecraft:crafting_table":2,"minecraft:furnace":1,"alexsmobs:animal_dictionary":3},"minecraft:killed":{"minecraft:zombie":34},"minecraft:dropped":{"minecraft:wheat_seeds":1,"alexsmobs:animal_dictionary":1,"tombstone:grave_dust":1,"minecraft:wooden_pickaxe":1}},"DataVersion":3465}