{"stats":{"minecraft:crafted":{"minecraft:oak_planks":20,"minecraft:furnace":1,"minecraft:diamond_block":2,"minecraft:stone_pickaxe":1,"minecraft:chest":1,"minecraft:dark_oak_planks":40,"sophisticatedbackpacks:iron_backpack":1,"sophisticatedbackpacks:backpack":1,"minecraft:diamond_axe":1,"minecraft:crafting_table":3,"minecraft:spruce_planks":8,"minecraft:wooden_pickaxe":1,"minecraft:iron_sword":1,"minecraft:stone_axe":1,"minecraft:air":0,"minecraft:diamond_pickaxe":1,"minecraft:shield":1,"minecraft:stick":16,"minecraft:iron_pickaxe":1,"minecraft:iron_ingot":6,"minecraft:stone_sword":1,"minecraft:torch":28},"minecraft:killed_by":{"minecraft:wither_skeleton":2,"medieval_craft_weapons:heavyknight":4,"medieval_craft_weapons:archer":9,"unusualprehistory:sludge":1,"minecraft:skeleton":2,"minecraft:blaze":5,"minecraft:zombie":8,"medieval_craft_weapons:knight":12,"medieval_craft_weapons:soldier":6},"minecraft:killed":{"alexsmobs:dropbear":1,"medieval_craft_weapons:archer":10,"medieval_craft_weapons:knight":17,"alexsmobs:tasmanian_devil":1,"minecraft:horse":6,"minecraft:skeleton":6,"medieval_craft_weapons:soldier":11,"minecraft:creeper":1,"minecraft:zombie":93,"alexsmobs:gazelle":1,"minecraft:wither_skeleton":5,"minecraft:blaze":24,"minecraft:cow":7,"medieval_craft_weapons:heavyknight":1},"minecraft:used":{"sophisticatedbackpacks:iron_backpack":2,"minecraft:stone_sword":131,"minecraft:oak_sign":1,"minecraft:shield":95,"minecraft:iron_sword":78,"minecraft:rotten_flesh":17,"minecraft:torch":24,"minecraft:brewing_stand":1,"minecraft:nether_bricks":20,"minecraft:obsidian":10,"minecraft:dark_oak_planks":18,"minecraft:mossy_cobblestone_stairs":2,"minecraft:iron_axe":10,"minecraft:polished_andesite_stairs":1,"minecraft:furnace":2,"medieval_craft_weapons:spear_1":9,"tombstone:gift":12,"minecraft:cooked_beef":37,"minecraft:cobbled_deepslate":6,"minecraft:water_bucket":9,"tombstone:scroll_of_reach":1,"minecraft:stone_pickaxe":72,"minecraft:wooden_pickaxe":8,"minecraft:diamond_axe":4,"minecraft:diamond_block":1,"minecraft:crafting_table":5,"minecraft:spruce_log":6,"minecraft:diamond_pickaxe":204,"minecraft:apple":2,"minecraft:oak_button":1,"minecraft:iron_pickaxe":252,"tombstone:magic_scroll":11,"minecraft:cracked_nether_bricks":2,"tombstone:grave_key":4,"alexscaves:porous_coprolith":1,"minecraft:stone_axe":16,"minecraft:diamond_sword":370,"minecraft:cobblestone":17,"minecraft:bucket":10,"alexsmobs:animal_dictionary":5,"minecraft:experience_bottle":2},"minecraft:broken":{"minecraft:stone_sword":1,"medieval_craft_weapons:plate_chestplate":1,"medieval_craft_weapons:plate_boots":1,"minecraft:leather_chestplate":1,"medieval_craft_weapons:plate_helmet":1,"medieval_craft_weapons:plate_leggings":1,"minecraft:iron_pickaxe":1},"minecraft:picked_up":{"medieval_craft_weapons:musket":1,"minecraft:crafting_table":2,"medieval_craft_weapons:brigandine_chestplate":1,"minecraft:nether_wart":1,"minecraft:flower_pot":1,"minecraft:wooden_pickaxe":1,"minecraft:enchanted_book":1,"medieval_craft_weapons:plate_boots":1,"minecraft:brewing_stand":2,"minecraft:string":9,"minecraft:iron_axe":1,"minecraft:smooth_stone_slab":1,"minecraft:item_frame":1,"minecraft:iron_shovel":1,"minecraft:oak_sign":2,"minecraft:gold_nugget":1,"minecraft:cobbled_deepslate":6,"unusualprehistory:plant_fossil_item":4,"minecraft:poppy":1,"minecraft:spruce_slab":3,"minecraft:furnace":1,"medieval_craft_weapons:mace":1,"minecraft:stick":5,"minecraft:raw_iron":44,"minecraft:torch":4,"medieval_craft_weapons:titanite_nugget_1":4,"sophisticatedbackpacks:backpack":1,"tombstone:grave_dust":32,"minecraft:carrot":1,"minecraft:arrow":7,"minecraft:rotten_flesh":96,"biomesoplenty:rose_quartz_chunk":1,"minecraft:nether_bricks":38,"minecraft:gold_ingot":5,"tombstone:essence_of_undeath":1,"minecraft:blaze_rod":9,"minecraft:obsidian":8,"minecraft:cobblestone":37,"minecraft:magma_block":1,"minecraft:leather_chestplate":1,"minecraft:cooked_beef":10,"minecraft:leather":7,"minecraft:oak_log":5,"medieval_craft_weapons:long_sword":1,"medieval_craft_weapons:plate_chestplate":1,"minecraft:lapis_lazuli":5,"minecraft:dirt":12,"minecraft:bone":11,"minecraft:stone_bricks":4,"medieval_craft_weapons:greathelmet_helmet":1,"minecraft:wheat_seeds":1,"minecraft:iron_ingot":25,"minecraft:mossy_stone_bricks":1,"alexscaves:porous_coprolith":2,"minecraft:iron_sword":1,"minecraft:oak_planks":1,"minecraft:polished_andesite_stairs":1,"medieval_craft_weapons:plate_leggings":1,"minecraft:quartz":53,"minecraft:cracked_nether_bricks":2,"minecraft:nether_brick_stairs":3,"medieval_craft_weapons:plate_helmet":1,"minecraft:diamond_block":11,"minecraft:spider_eye":2,"minecraft:diamond":18,"waystones:waystone":1,"minecraft:mossy_cobblestone_stairs":2,"minecraft:oak_button":1,"minecraft:netherrack":25,"tombstone:magic_scroll":2,"minecraft:oak_sapling":4,"minecraft:coal":75,"unusualprehistory:mezo_fossil":5},"minecraft:mined":{"minecraft:dark_oak_planks":2,"alexscaves:guanostone":42,"minecraft:spruce_planks":1,"unusualprehistory:permafrost":2,"minecraft:deepslate_diamond_ore":4,"minecraft:cobblestone_stairs":1,"minecraft:sculk_vein":1,"biomesoplenty:desert_grass":1,"minecraft:jungle_leaves":3,"minecraft:brewing_stand":1,"minecraft:obsidian":7,"minecraft:nether_bricks":49,"unusualprehistory:plant_fossil":4,"minecraft:spruce_leaves":1,"alexscaves:coprolith":32,"minecraft:cracked_nether_bricks":3,"minecraft:spawner":15,"minecraft:magma_block":2,"minecraft:furnace":1,"minecraft:packed_mud":6,"minecraft:mossy_cobblestone_stairs":2,"minecraft:iron_ore":44,"minecraft:fire":7,"minecraft:diamond_block":11,"minecraft:nether_brick_stairs":3,"minecraft:vine":3,"biomesoplenty:webbing":14,"minecraft:stone":63,"alexscaves:porous_coprolith":1,"minecraft:crafting_table":2,"minecraft:polished_andesite_stairs":1,"minecraft:nether_quartz_ore":53,"minecraft:tall_grass":5,"minecraft:cobblestone":15,"biomesoplenty:sprout":1,"minecraft:oak_planks":1,"minecraft:wall_torch":6,"minecraft:redstone_torch":1,"unusualprehistory:stone_fossil":5,"minecraft:potted_poppy":1,"minecraft:smooth_stone_slab":2,"minecraft:grass":48,"minecraft:coal_ore":59,"minecraft:oak_log":6,"minecraft:flower_pot":1,"minecraft:dirt":11,"biomesoplenty:stringy_cobweb":1,"minecraft:cobweb":1,"minecraft:polished_andesite":1,"minecraft:stone_bricks":4,"minecraft:netherrack":30,"minecraft:oak_leaves":3,"minecraft:deepslate":45,"minecraft:fern":2},"minecraft:custom":{"minecraft:mob_kills":223,"minecraft:interact_with_crafting_table":13,"minecraft:open_barrel":30,"minecraft:leave_game":4,"minecraft:time_since_death":510,"minecraft:climb_one_cm":23447,"minecraft:sprint_one_cm":447494,"minecraft:walk_one_cm":279177,"minecraft:damage_blocked_by_shield":3441,"minecraft:drop":55,"minecraft:play_time":172216,"minecraft:deaths":51,"minecraft:sneak_time":27393,"minecraft:walk_under_water_one_cm":5214,"tombstone:tomb_raiding":1,"minecraft:jump":3067,"minecraft:walk_on_water_one_cm":12972,"minecraft:total_world_time":172216,"minecraft:interact_with_furnace":5,"minecraft:time_since_rest":329,"minecraft:damage_taken":17093,"minecraft:damage_absorbed":78,"tombstone:sneak_grave":17,"minecraft:damage_dealt":29521,"tombstone:cast_on_ally":1,"minecraft:swim_one_cm":33636,"minecraft:fly_one_cm":482398,"minecraft:player_kills":8,"minecraft:open_chest":70,"minecraft:crouch_one_cm":51564,"tombstone:undead_killed":104,"minecraft:fall_one_cm":75488},"minecraft:dropped":{"minecraft:nether_brick_stairs":2,"minecraft:enchanted_book":1,"minecraft:wheat_seeds":2,"medieval_craft_weapons:mace":1,"minecraft:lapis_lazuli":10,"minecraft:diamond":1,"minecraft:cobblestone":3,"minecraft:saddle":1,"medieval_craft_weapons:bullet":7,"minecraft:item_frame":1,"minecraft:emerald":1,"minecraft:dirt":12,"minecraft:brewing_stand":1,"tombstone:grave_dust":1,"medieval_craft_weapons:greathelmet_helmet":1,"minecraft:iron_axe":2,"minecraft:iron_shovel":2,"medieval_craft_weapons:brigandine_chestplate":1,"alexscaves:porous_coprolith":1,"minecraft:dark_oak_planks":2,"minecraft:gold_ingot":4,"minecraft:diamond_block":5,"alexsmobs:animal_dictionary":1,"minecraft:smooth_stone_slab":1,"medieval_craft_weapons:long_sword":1,"minecraft:rotten_flesh":73,"minecraft:oak_planks":1,"minecraft:iron_boots":2,"minecraft:oak_sign":1,"minecraft:diamond_sword":1,"minecraft:shield":1,"minecraft:flower_pot":1,"minecraft:iron_chestplate":1,"minecraft:oak_sapling":4,"minecraft:stone_bricks":4,"minecraft:spruce_log":4,"minecraft:arrow":1,"minecraft:wooden_pickaxe":2,"minecraft:stone_pickaxe":1}},"DataVersion":3465}