{"stats":{"minecraft:custom":{"minecraft:interact_with_furnace":5,"minecraft:mob_kills":133,"minecraft:interact_with_crafting_table":7,"minecraft:leave_game":3,"minecraft:time_since_death":2700,"minecraft:climb_one_cm":6486,"minecraft:time_since_rest":2612,"minecraft:sprint_one_cm":214513,"minecraft:damage_taken":6968,"minecraft:walk_one_cm":114026,"minecraft:damage_blocked_by_shield":1502,"tombstone:sneak_grave":10,"minecraft:drop":30,"minecraft:damage_dealt":16528,"tombstone:cast_on_ally":1,"minecraft:swim_one_cm":32310,"minecraft:player_kills":4,"minecraft:fly_one_cm":142617,"minecraft:open_chest":41,"minecraft:crouch_one_cm":25880,"minecraft:play_time":83539,"tombstone:undead_killed":93,"minecraft:deaths":24,"minecraft:sneak_time":14179,"minecraft:walk_under_water_one_cm":5105,"tombstone:tomb_raiding":1,"minecraft:jump":1186,"minecraft:walk_on_water_one_cm":3375,"minecraft:total_world_time":83539,"minecraft:fall_one_cm":20932},"minecraft:broken":{"minecraft:stone_sword":1,"minecraft:leather_chestplate":1},"minecraft:picked_up":{"medieval_craft_weapons:musket":1,"minecraft:crafting_table":2,"minecraft:leather_chestplate":1,"medieval_craft_weapons:brigandine_chestplate":1,"minecraft:flower_pot":1,"medieval_craft_weapons:plate_boots":1,"minecraft:enchanted_book":1,"minecraft:oak_log":5,"minecraft:brewing_stand":2,"medieval_craft_weapons:long_sword":1,"medieval_craft_weapons:plate_chestplate":1,"minecraft:dirt":2,"minecraft:smooth_stone_slab":1,"minecraft:bone":4,"minecraft:iron_shovel":1,"medieval_craft_weapons:greathelmet_helmet":1,"minecraft:cobbled_deepslate":6,"minecraft:iron_ingot":1,"unusualprehistory:plant_fossil_item":4,"minecraft:mossy_stone_bricks":1,"minecraft:poppy":1,"minecraft:spruce_slab":3,"minecraft:oak_planks":1,"minecraft:iron_sword":1,"minecraft:furnace":1,"medieval_craft_weapons:mace":1,"minecraft:stick":5,"minecraft:polished_andesite_stairs":1,"minecraft:raw_iron":35,"medieval_craft_weapons:plate_leggings":1,"minecraft:torch":1,"medieval_craft_weapons:titanite_nugget_1":3,"tombstone:grave_dust":30,"medieval_craft_weapons:plate_helmet":1,"minecraft:carrot":1,"minecraft:spider_eye":2,"minecraft:arrow":1,"minecraft:rotten_flesh":96,"minecraft:diamond":2,"minecraft:mossy_cobblestone_stairs":2,"tombstone:essence_of_undeath":1,"tombstone:magic_scroll":2,"minecraft:oak_sapling":2,"minecraft:coal":72,"unusualprehistory:mezo_fossil":5,"minecraft:cobblestone":32},"minecraft:crafted":{"minecraft:oak_planks":20,"minecraft:crafting_table":1,"minecraft:wooden_pickaxe":1,"minecraft:iron_sword":1,"minecraft:furnace":1,"minecraft:stone_axe":1,"minecraft:air":0,"minecraft:shield":1,"minecraft:stick":12,"minecraft:iron_ingot":6,"minecraft:iron_pickaxe":1,"minecraft:stone_pickaxe":1,"minecraft:stone_sword":1,"minecraft:torch":28},"minecraft:mined":{"unusualprehistory:permafrost":2,"minecraft:deepslate_diamond_ore":2,"minecraft:jungle_leaves":3,"minecraft:brewing_stand":1,"minecraft:crafting_table":2,"minecraft:polished_andesite_stairs":1,"unusualprehistory:plant_fossil":4,"minecraft:tall_grass":1,"minecraft:cobblestone":4,"minecraft:oak_planks":1,"minecraft:wall_torch":3,"minecraft:spawner":15,"minecraft:furnace":1,"minecraft:mossy_cobblestone_stairs":2,"minecraft:redstone_torch":1,"minecraft:iron_ore":35,"unusualprehistory:stone_fossil":5,"minecraft:smooth_stone_slab":2,"minecraft:potted_poppy":1,"minecraft:grass":3,"minecraft:coal_ore":58,"minecraft:oak_log":5,"minecraft:flower_pot":1,"minecraft:dirt":2,"minecraft:stone_bricks":1,"minecraft:stone":43,"minecraft:oak_leaves":2,"minecraft:deepslate":8,"minecraft:fern":2},"minecraft:killed_by":{"minecraft:skeleton":1,"minecraft:zombie":8,"medieval_craft_weapons:knight":5,"medieval_craft_weapons:soldier":4,"medieval_craft_weapons:archer":5},"minecraft:used":{"tombstone:scroll_of_reach":1,"minecraft:stone_sword":131,"minecraft:stone_pickaxe":72,"minecraft:shield":26,"minecraft:wooden_pickaxe":8,"minecraft:iron_sword":78,"minecraft:rotten_flesh":17,"minecraft:torch":24,"minecraft:crafting_table":3,"minecraft:mossy_cobblestone_stairs":2,"minecraft:apple":2,"minecraft:iron_axe":8,"minecraft:polished_andesite_stairs":1,"minecraft:iron_pickaxe":110,"tombstone:magic_scroll":10,"tombstone:grave_key":2,"minecraft:stone_axe":16,"minecraft:diamond_sword":103,"minecraft:cobblestone":13,"minecraft:furnace":2,"alexsmobs:animal_dictionary":5,"tombstone:gift":10,"minecraft:cooked_beef":4,"minecraft:cobbled_deepslate":6},"minecraft:killed":{"medieval_craft_weapons:archer":1,"medieval_craft_weapons:knight":5,"minecraft:skeleton":3,"medieval_craft_weapons:soldier":5,"minecraft:zombie":90,"medieval_craft_weapons:heavyknight":1},"minecraft:dropped":{"minecraft:wheat_seeds":1,"medieval_craft_weapons:mace":1,"alexsmobs:animal_dictionary":1,"medieval_craft_weapons:long_sword":1,"minecraft:smooth_stone_slab":1,"minecraft:rotten_flesh":73,"minecraft:cobblestone":2,"minecraft:oak_planks":1,"minecraft:iron_boots":2,"minecraft:saddle":1,"minecraft:emerald":1,"minecraft:diamond_sword":1,"minecraft:dirt":2,"minecraft:shield":1,"minecraft:flower_pot":1,"minecraft:brewing_stand":1,"minecraft:iron_chestplate":1,"minecraft:oak_sapling":2,"tombstone:grave_dust":1,"medieval_craft_weapons:greathelmet_helmet":1,"minecraft:arrow":1,"minecraft:wooden_pickaxe":1,"minecraft:stone_pickaxe":1,"minecraft:iron_shovel":2,"medieval_craft_weapons:brigandine_chestplate":1}},"DataVersion":3465}