{"stats":{"minecraft:crafted":{"minecraft:oak_planks":140,"minecraft:crafting_table":1,"minecraft:jungle_boat":1,"minecraft:wooden_pickaxe":1,"minecraft:iron_helmet":1,"minecraft:furnace":2,"minecraft:bucket":1,"minecraft:stone_axe":1,"minecraft:air":0,"minecraft:jungle_planks":52,"minecraft:oak_boat":1,"minecraft:iron_chestplate":1,"minecraft:shield":1,"minecraft:stick":24,"minecraft:iron_ingot":14,"minecraft:iron_pickaxe":1,"minecraft:stone_pickaxe":1,"minecraft:stone_sword":1,"minecraft:iron_leggings":1,"minecraft:torch":32},"minecraft:killed_by":{"minecraft:warden":2,"minecraft:drowned":1,"medieval_craft_weapons:knight":4,"medieval_craft_weapons:soldier":1,"medieval_craft_weapons:archer":1},"minecraft:killed":{"minecraft:cave_spider":7,"minecraft:pig":1,"minecraft:zombie_villager":1,"medieval_craft_weapons:knight":1,"minecraft:skeleton":2,"minecraft:sheep":1,"medieval_craft_weapons:soldier":4,"minecraft:zombie":4},"minecraft:used":{"minecraft:water_bucket":30,"minecraft:stone_sword":2,"minecraft:stone_pickaxe":68,"minecraft:oak_planks":54,"minecraft:wooden_pickaxe":4,"minecraft:shield":11,"minecraft:jungle_boat":1,"minecraft:torch":42,"minecraft:crafting_table":6,"minecraft:apple":1,"minecraft:melon_slice":2,"minecraft:iron_pickaxe":162,"medieval_craft_weapons:greatsword":121,"minecraft:stone_axe":144,"minecraft:cobblestone":96,"medieval_craft_weapons:mace":22,"minecraft:goat_horn":2,"minecraft:furnace":2,"minecraft:bucket":30,"minecraft:oak_boat":1,"tombstone:gift":3,"alexsmobs:animal_dictionary":2,"minecraft:cooked_beef":28},"minecraft:broken":{"minecraft:stone_axe":1},"minecraft:picked_up":{"minecraft:iron_chestplate":1,"minecraft:crafting_table":5,"minecraft:jungle_log":15,"medieval_craft_weapons:soldiera_helmet":2,"biomesoplenty:fir_sapling":1,"biomesoplenty:fir_log":14,"minecraft:oak_log":35,"minecraft:string":31,"minecraft:dirt":8,"minecraft:iron_leggings":2,"minecraft:armor_stand":6,"minecraft:bone":2,"minecraft:apple":1,"minecraft:wheat_seeds":2,"minecraft:iron_ingot":4,"minecraft:jungle_sapling":1,"minecraft:moss_block":1,"minecraft:melon_slice":2,"minecraft:flowering_azalea":1,"minecraft:iron_boots":2,"minecraft:stick":16,"minecraft:raw_iron":47,"medieval_craft_weapons:soldiera_chestplate":2,"minecraft:torch":10,"medieval_craft_weapons:titanite_nugget_1":2,"minecraft:gravel":6,"minecraft:porkchop":1,"minecraft:spruce_sapling":1,"minecraft:spruce_log":30,"minecraft:spider_eye":1,"medieval_craft_weapons:soldiera_boots":2,"minecraft:arrow":2,"minecraft:rotten_flesh":2,"minecraft:iron_helmet":1,"minecraft:granite":3,"medieval_craft_weapons:soldiera_leggings":2,"tombstone:magic_scroll":1,"minecraft:oak_sapling":1,"minecraft:coal":56,"minecraft:white_wool":1,"minecraft:cobblestone":148},"minecraft:mined":{"minecraft:spruce_planks":1,"minecraft:cobblestone_stairs":3,"minecraft:crafting_table":5,"minecraft:granite":3,"biomesoplenty:bush":2,"minecraft:emerald_ore":1,"minecraft:grass_block":5,"minecraft:jungle_log":13,"biomesoplenty:high_grass_plant":10,"minecraft:tall_grass":1,"minecraft:cobblestone":9,"minecraft:spruce_leaves":1,"minecraft:moss_block":1,"minecraft:wall_torch":11,"minecraft:spawner":1,"minecraft:furnace":2,"minecraft:iron_ore":34,"minecraft:spruce_log":30,"minecraft:andesite":4,"biomesoplenty:fir_log":49,"biomesoplenty:high_grass":7,"minecraft:grass":18,"minecraft:coal_ore":24,"minecraft:oak_log":35,"minecraft:vine":3,"minecraft:gravel":1,"minecraft:dirt":3,"minecraft:cobweb":28,"minecraft:stone_bricks":1,"minecraft:stone":144,"minecraft:oak_leaves":1,"minecraft:deepslate":1,"minecraft:fern":6},"minecraft:custom":{"minecraft:interact_with_furnace":9,"minecraft:mob_kills":23,"minecraft:interact_with_crafting_table":17,"minecraft:open_barrel":4,"minecraft:leave_game":2,"minecraft:time_since_death":23826,"minecraft:climb_one_cm":17490,"minecraft:time_since_rest":23613,"minecraft:waystone_activated":1,"minecraft:sprint_one_cm":264523,"minecraft:damage_taken":5821,"minecraft:walk_one_cm":121427,"minecraft:damage_blocked_by_shield":1649,"minecraft:drop":20,"minecraft:damage_dealt":3489,"minecraft:swim_one_cm":20341,"minecraft:fly_one_cm":552781,"minecraft:open_chest":30,"minecraft:crouch_one_cm":21327,"minecraft:play_time":82490,"tombstone:undead_killed":7,"minecraft:deaths":10,"minecraft:sneak_time":5761,"minecraft:walk_under_water_one_cm":13065,"minecraft:jump":2986,"minecraft:walk_on_water_one_cm":11983,"minecraft:total_world_time":82490,"minecraft:fall_one_cm":128298},"minecraft:dropped":{"medieval_craft_weapons:soldiera_boots":1,"minecraft:wheat_seeds":2,"medieval_craft_weapons:mace":1,"minecraft:iron_helmet":2,"minecraft:iron_boots":1,"medieval_craft_weapons:soldiera_helmet":1,"minecraft:spruce_planks":1,"minecraft:iron_chestplate":2,"minecraft:jungle_log":2,"medieval_craft_weapons:titanite_nugget_1":2,"minecraft:oak_sapling":1,"medieval_craft_weapons:soldiera_chestplate":1,"minecraft:iron_leggings":2,"minecraft:jungle_sapling":1,"minecraft:flowering_azalea":1,"minecraft:armor_stand":6}},"DataVersion":3465}